MachineIdentifier,HasDetections
0000028988387b115f69f31a3bf04f09,0
000007535c3f730efa9ea0b7ef1bd645,0
000007905a28d863f6d0d597892cd692,0
00000b11598a75ea8ba1beea8459149f,1
000014a5f00daa18e76b81417eeb99fc,1
000016191b897145d069102325cab760,1
0000161e8abf8d8b89c5ab8787fd712b,1
000019515bc8f95851aff6de873405e8,0
00001a027a0ab970c408182df8484fce,0
00001a18d69bb60bda9779408dcf02ac,1
00001b3b3cf8c8c079a272ce51031753,0
00001b924fcc6922321cfadbafd8a91a,1
00001f26e9e5775277d6231fc6ac9e70,0
000024872c81cf03fa862aa8f99e0984,0
0000258d2b847c7549150cfec6464473,1
000027c68b89acb49d4017763b043449,1
000028150912f45b1dc667164de489ef,0
00002a7fd74f9ca4a59a679a7cc80388,0
00002b7454f06444e8d9f6083d8a9ebd,0
00002c6cccecdef94aaa557d0458ab8a,1
0000309dcbba938f8aa7ee5a0204119d,0
000033565d8f7a3029afd1d6c4c465e9,1
0000378813e163d00d5e5f7e0a12b6d9,0
000037f84e21c83328ba6963cdac497b,0
000038f24a1ee98931456b3e49f7934b,0
000039104d7f42c15fdc0d1bcb9d4b4a,0
000039c280a86ff549f7f3526e918ae4,1
00003ad63e561a25415551cd47d426d5,0
00003e5e679ccfe7a13e953c47dd584f,1
0000422df51e713f82b98e04cb883cb5,1
00004348c2a11460f58a9ae6bca70e2e,0
000043b6d35721598e8bc43f8c354124,0
000046e59c37136173428e560acbe3a2,1
000048a73fb4b6a94cc169389208032d,1
00004a558a836aa7b6ca3a29ed4a0ac3,1
00005727315ca5f2846667ab415d7c5c,0
00005c4f5d93f600a61b41581e5b66b2,1
00005c68016eab19fb33bdaa8a1d8bb7,0
000060ec6113f25f078e79eb48983b7c,1
000061de7b3f42019db90eeb120ac3ac,0
000064a54c1de244733828608b9ab915,0
0000665576f3439c9c1db30d878a821e,1
000069097eaa0e375996f266eead5f5e,1
000069a13daa47d692172005ca950bec,1
00006afce4e8cea4e613aa6e1df75373,1
00006cc3d2853283ab5cac205c187bc4,1
00006f65a3ed72af6a8b3e4005044e90,0
0000714f389b8a3638597ee69b655e38,1
000072b66474760a81df6456795aad33,1
0000741c95673865b8783d888627d77b,0
0000788079125a72c3b3d8eff30d3f75,0
000079a261a28c51c4ae8393c7fd97e8,0
000079e9300ce84a22df348cd25e1d60,1
00007a195c29a781fe18cc61a9f3a50b,1
00007a70254b648e445a6e1937ab3efb,1
00007b97fb212999b23bf4a2851313f1,0
000084a47878a731d8c0c421b9efc835,1
0000870bccbcf600c7252517b1d39234,0
000088920334d5c05034383567da0ee3,0
00008e8686cffcb475d43646a3aeba26,0
00008f5ffaf2a82e2ba75dd31d011c2c,1
000090720df1dd004c5cf6cd1c615643,1
000090ae289915e1fc378bcd1522bd86,1
000090c74b057a93e59e7a700c00ea00,0
000092dc20852e46e6806fcbd46ee50b,0
00009736cef1cc093b94f6084eb26368,0
00009a420a0c7b1c5298d372e415b22b,0
00009c2e757d5c8cb04956c18e2b8cc5,1
0000a06a837838237a86cfd598e84c87,1
0000a0c32be4fd309acc15b9e2575bd9,1
0000a313e380907701398b3c61f58848,0
0000a559e4f2f5cad96124101d7d94e5,0
0000a59784f4658c3a9820d801cc6e28,0
0000a67d760d31bb2c5af195b4627ac4,0
0000a8f6da8be7c59a5ce7603406bfd0,1
0000a998901524f98515c63bfae8472a,0
0000aad9182f51a6771d29f958f25f6d,0
0000ab5c2c4d4928410c1473010141c8,1
0000ab7d33d3cec7e3864ae29750d35c,0
0000ae32f2907b029528cbcc7f7c6f7f,0
0000b128ab946f98fb2786d2486ec1d9,1
0000b4df42b097d7542baf434f8ab157,1
0000b73b09940321a18f4d3ea53555a2,1
0000b864e7ad567047f57959c8d4f557,1
0000b8f65700466bfcedc0b7daa7fb3c,1
0000ba348123780f135d51d721348be3,1
0000ba435580256a4a2c9e3b53fcb39a,0
0000bae35fb1dbde97ae59e962f24557,1
0000bd523ae0edc8668820992d6a41be,1
0000be7653a11a09cc08f682c76bfa2a,0
0000be9215711d2597a5613b5ef0434e,0
0000bfae117fdc08c1b824e4d8693fb4,0
0000c0e361386f06ef44a29291ccd941,1
0000c46dc4f3b3f07b11d0d85e02dad5,1
0000c5223307907251345099bfa89315,0
0000c56c3a31282e5093a20f20bc68ea,1
0000c5703af40443fc31ddbe57b8bf4f,0
0000c76e942d4788db6dfdd5798fee8b,1
0000cbc2cc07aa89b28f2bd131b93156,0
0000cc9bb0870e747fa9da65a7f3f5cd,0
0000ce016e619f5c9c0b80b7203d9156,0
0000cf63d684adeb91e2ad26b80b8706,1
0000d2c33cde94a58c7d265850b87a67,0
0000d322f204595d1d90eac4cb8a6e6e,1
0000d4bbeecaf9c95116e32584cd6b33,1
0000d6e021b8a571a291389130c7bd99,0
0000d738ef47f088c53fef6013268ac1,0
0000d77137362fc2a7d5d19e00f3353b,0
0000d844f6ceccffc4c87b1e9a1db583,1
0000daa57f5957083cc70e0e5a68e2ac,1
0000db2c81925a9ec8d83e40be5ac070,1
0000dbe2e72df0ab30738510ce032261,0
0000df39b80910bd5be7cf128784882a,0
0000df4d47606e2cbf8bc572ecbee55d,0
0000e24337fb88876655a0eecd34de09,1
0000e329d11fc22f0ca0025552c0e802,0
0000e65fbf7df6a1c2e8233ed8346e50,0
0000e72a6cd81f0c62a08082155c9c71,1
0000e959585d80420d4c6920ee0bfc20,1
0000ea3b1d0d9538b10a04e0730cc313,1
0000eb596d13fc67cfa8287a0a69f088,0
0000ec8d0669eb6de32f38a05ed5318a,1
0000ee2daf1d4728a9a911a700ce742d,0
0000f4908a3eeda3b9b32b87b74b23cc,0
0000f49725868ef9466958a96e91f789,1
0000f973058bdcc7f2028e3190e4af45,1
0000f99048ec1abc1b575e251cd01027,0
0000fb89de1ded989c3099f8487458ac,0
0000fdf6f3a37299d0f1ba4917a82c11,0
0000fe3f13f3efcda438d85519367d03,1
000100b13728cd285d66cf19d4b7192b,0
0001048baea138ccc726ce82e25601ea,1
00010524d18ea0a651b8d83ee76f262e,0
00010a37c34ebfb67cf79d7366cf3f56,0
00010a7b13dcff99c950a65eca2e4808,0
00010b4740e9e7dd0cf882f6a85a3e1c,1
00010d86b240291aca954eb5d2ff3a01,1
00010fbf35402f740b43e33812d4b453,1
000116cc7c00c95434943d95a598e1ea,1
00011746275adcb7b23e8e36b20b4200,1
000117cc3f28c534960250b7c00e5f25,1
0001183a6795968352a77fa7f2757510,1
00011aa2d898933a9de2402baf98d393,0
00011cf3a7f65db79d23ede6cea1c482,0
00011eb8bde7bc39ffc4cedc57f34f35,1
00011f5ea1e83982885374c6ab433a7b,0
0001207d23d1b1d274bfae1683b3b2af,0
000121bd95fc14148b73e3a5eb40de66,0
0001221d7104ba4c9bba5f21c5af3823,0
000122bd82d8f08048877cf4c3ea0396,1
0001255814d41c6be861f6bf54a38f76,0
000126b1aa5b88df4a24ab2f0b1c5ae4,1
00012772b3fb5a3840d749e3a958b46e,0
0001281390a9d344fa9b0ef8337c7ee9,1
00012a07bf8eb91b72044a55c5ed38a9,0
000133deeec0a2d608b13377fa814498,1
0001345661be11bb3531d7a6f6f15695,1
00013510e91a59ee2ee92e064910f425,1
000135806cad19b328b929d8c5206449,0
0001375303eb40843f72af4c95dc513b,1
0001398d313521f0a6ca6cc1315ca748,1
00013d2dad7774830bfa5d0672350940,0
00013d6c00459e5f08818404202428b2,0
00013e5ab157f209e3a4dd836dd108ae,0
00013fe373e22cc7ad47e3224b8592ab,0
000141cf4d5de00fa8d70072cd292ae8,1
000143e604f86e38c23c6e858c02d562,1
000146781cfaf2c5fa482376a90b474b,1
00014a34a5c67114b17a7497f6387c8a,1
00014d0db81d0a6ad0f9a17e65be3d0d,1
00014f3eae227c8edac65e5e4912be46,1
00014f69c05cf114a6907bd7bbc8554a,0
0001511435844fa9a3718b7a6dae0d22,0
000153ac9f764dc83842d926a25c29bb,0
000153f436e160406879390855814c67,1
000155169a757a06e61b6283af1cd0a2,1
00015d0ab42497e921d72a905d4f00b7,1
00015f3663dc7b2b7b10aa8ae8a44001,0
00015f3e32778b2f9c4ac4a3d21a7bcd,1
0001610777a0a1b81192913abab8e226,1
000161bfbbd8504b35241687b9c71204,0
000163b877b6621c1cd078f6778e36fc,1
000164411a99ebd6935520072674c8b4,0
0001648853138dd3c1ef772e2080ee1e,1
000169d2fc7eb9126270324cf997be56,1
00016bfb0aab1000c28573c94906323c,0
00016c9d7670346f6d2f256c0091745a,1
00016d4e07b17f77200bbcccff05e61b,1
00016f4094439e12851b1dcf68b968a6,0
000171542375a3bc2f87e14f135f671f,1
000171d4804bb3c0185acabd33d29138,0
000172dd21844e1dfa749006d5e108b2,0
0001796c4cbebe00afe80a52e4ed1d31,0
00017be4a960fffb14eb8a03be294494,0
00017c458b5bf8592e2c1724fc366347,1
00017c8e5572b1ac9714bec63539f326,1
00017cb450efe6ead289fb834f1b2468,0
00017d82a1439270936460fb05ff8977,1
00017fa35ed739442dfc8787ef8d8182,0
000182abf815a4c4d5c3c8014a0399cb,1
00018409da2d941df5463a564407aab7,1
0001854cbf8598097588c73314c51399,0
00018674e53a2322093a401954a613fd,0
00018972595926de2486649a370f1397,1
00018ab62ec28df0ce795a2ac0f3fd2e,1
00018eaae4389c515767f6643fb86e55,1
00019029ed67b4badc9ca9c1c7619591,1
0001922a97c1db20b027872c3f34fcd0,1
000195672455da6bfed4e4e9479dc729,0
000195b10b7bb7d7f9d884f0a21299ce,1
000196a4404ffb68c183de9a7470e830,0
000196efc6196a801de6345cc543d516,0
0001984fe7c6563b505f9c9d5aa37fec,0
00019bc1e9c8bb16a2fe2f5b64964718,1
00019dd8ad51f0921fa158d89755cf55,0
0001a2872a726ad4149c28df8542c074,0
0001a299eeddc661fe639bf29d0fdcc6,1
0001a2f6bf90a849de6ac7280bce0549,1
0001a40a9858066fdfadb6dea160bc85,0
0001a4d46556b7c086b100b36830d9c1,0
0001a6aea7b55b85052601bad72667be,0
0001a78d8ec54cdb41fb264beefa1270,1
0001a78e607f8ecc5594d3c3df97107a,0
0001a7d71d4e8371a3452506524059b0,1
0001ad5bdb83e44759ce62ec8831f679,0
0001af6558f5a7a93da8f1b82c03b547,1
0001aff4cbd542fc29f1e4e7e3303fde,1
0001b2010f2c0e657dff54dca120b44f,1
0001b35aa123e6fbc38cf5d8198687a6,0
0001b45161a1b21e3d691170e96766f4,1
0001b4a561005e00c1f403c1174845d1,0
0001b68edeae386627d687b4344aa419,1
0001bc0605a57345d16ae8c9f52549a9,1
0001bf81338f755715e05890de7dffe9,0
0001c1955d02d3dc1d3c0d3093f33f2f,1
0001c27080f2fd0527263efbdd65d06c,0
0001c87dc139a533adce41cfc8a4fcc9,1
0001ca275cb604672d986c0b5b857fb8,1
0001cc2b237f8b5fba286ac5f4aa2122,1
0001cd327a97c0fddb52347c7901462c,1
0001cd58a01d435f645f86923895b0c2,1
0001ce546ccbf01b9f29966d96b15dd9,0
0001d10b6d508037ba0e577746e51d18,1
0001d2c093d9b08bf90c529cf5e75112,0
0001d466a63eda61d3f4ef51d290ae6b,0
0001d61cb8849dcc0fbb4350dd90b8b3,0
0001d97b0550f6dd91ab4eddf4992d9d,1
0001e8668d49e79480f8987807991ff5,0
0001e88bd9d4aba16856e65b72250eec,0
0001e8b577b37850f44dff7a97875aa8,1
0001e95f2dcf199184c52ffaf28b056a,1
0001ed331179e09c84fdc1af13466325,0
0001eeb0be6f984fe8fb74517f9e1e1f,1
0001eee57aca7e9a7e33ca5c20a3b68c,0
0001efb52a2bbc53a858ec7bc4eef452,1
0001f0f864be8f5df05087cc9c98b66f,1
0001f38dddfd02e2fab5bf1ca91cf261,0
0001f4cb976579f0abf0d0688467264f,1
0001f5fc7695575b65750802bcc2d6f8,0
0001f71b30001fa01338e7956ffb55cf,1
0001f865135bb07423ddbb5c098ebb3a,1
0001fb125bdfaf430a5d7051da7cc04e,1
0001fd037b7f8455d7c093bf1a017c66,0
0001fdd8e828751b6ca27668de9e2e6e,0
0001ff99918648c057bf87846366f6fb,1
0002028c541ff91b6e5da2f5c24f681c,0
000204a8acb30608e391a23d855b761a,1
00020581b0d73ea9771bd85004a67287,1
000206fc8af58d949dd9a67f07dfca10,0
000208689f7a651010b94c78367b439d,0
00020d904990b549a0e55d2049ade89c,1
00020f2195e8ad0c4778b604c11e13c5,1
00021008afaa7dd17bee61cc19c9c584,1
0002106ce8257e614a550c648ade9cce,0
0002121a9419dfb950278e7bdbeba5db,1
000212911d41ddaf4b63cc3961517fee,1
000216987021b60671b3b56a9223bb6e,1
000218dfe2a12236d5df04b72caf445a,0
00021c9ad4fcff0242198f89bedcf94b,1
0002202f4e11fa69959fd28f38b5d375,1
0002215c3de7469ccda8c51a6d132562,1
0002221fdc0bce2fa57a0e9287b5323d,1
000223a48246bdebb42972141647e891,1
000223e10e413d493d3337ba9b00eb82,0
000227aa16d32ed2ba75b33b058a64ba,1
000228120784cb674b741a3f7a88609d,0
00022966e89ac6997a52896564397e8b,0
00022a250560f62d10fd4d9ad01b0cce,0
00022a733782470a8ce191709e17b293,0
00022b75a59a4fc1d9ca9ec07961a10f,0
00022cb6e0e3122f7f6ca5f106f7b373,0
00022e56d5eede2d3a9ae696a57583a0,1
000231a8aefbcfdb8b87f89a7001584d,0
000231c11be445e9952c3bb312779220,1
0002324c6b1c67421621033346596e22,0
00023793298594d6f3385f027def59d5,1
0002390f6bc23379aaffa9227047c262,1
00023af12a83e4b95fdb651320f8b67d,1
0002422f4c2dba9cab4e09a1a43b0a47,1
00024314e5133e9e93cdf080accdd083,0
0002431532142aa0e98f78f7d0173fc6,1
000248c6af743885ff75dffa77b502c6,0
00024961889a1676d240cdcca84267b9,1
00024a626314789cab4b9353548f673a,1
00024a852c949f3558fa4208827cf980,0
00024e6f8b60fe59fb4ae35e4ba0eb83,1
00024f67951b7d8e28d03f1e648c0527,0
00024f89a4504dda1caad025f66c5b99,1
000252187b0100af9836338e14a17531,0
000254d84eb996216130c5ec4239c05b,1
000256ebea11cb8ca443bb6269c83629,1
00025cc0f9cef4056003d212776a136c,0
00025d08759d3d53b18689c3fd7d53ef,0
00025e178c68136cc6d84b51aa52ecbf,0
000260c16dedbdde029b36bef47c21c9,1
0002651de87b4ae0779024ec9a2936ac,1
0002653d3eac420ae2119a72570ca60f,0
000266bd294b3b5eb4f6454a130c5495,1
00026713840de66d86a30633707831a7,1
00026b1d488f031e5bb85ccfb8a0a8f4,1
00026d4895dfa1e927d7ea8d909d0a73,1
00026df87e853f51a8964b908b5fd87e,0
00026efdecced2d31e5426b8bbca4a60,1
000274cda6e4555e739614d72e976186,1
000275423fda48f0f2e69fdd42e074a9,0
000275566a68a2de86b8c3b84431b8b7,1
00027620bc1ebf555416e8abbc02d2eb,0
000276bcaf34e2600fa55fa9796ec83d,0
00027b11476880b2b71876d21f26384e,0
00027ee87211a6b50e301db70df7c04c,0
0002821c15a013347d3a55880c44cd39,1
0002858b034ba88827c7e3660c4c2a2a,1
00028b964f08c53384fd7faf05b85c7b,0
00028be02fbeb3c63838915e5b0239b8,0
00028c90c3ffab5b2de8c7d72fec839a,0
00028f9151334ad2642efce327522e04,1
000290033acd61e8aedd244f14eaed04,1
00029025417c42977b3bf326ff624c5f,1
00029051731b6b867244a40e07a50b04,0
0002970db65bdb560b207735f3ccb4bf,1
000299308a49720a17cab3c0cf73505d,1
00029c67914f27a81286cbe50493ac1a,1
00029cca5fcf990ac01885501bfe0476,0
00029eca9b12e89de52154cbebaf65fc,1
00029ecf32eff7ff0640baafb02ac1df,0
0002a395bd7850fee93fb5577c8d769b,0
0002a63efc796d70fd7fee94513fbb2d,1
0002a79f90b4ff5df0df5b9c08c13517,1
0002aa0c6c21e9af551726afc5e007d8,0
0002aa5492c3a647ad05b7dee7f1893a,0
0002ab67947808504e808a3f8270a590,0
0002ad0588be1a77d6f7b62e7a073814,1
0002ae9052dae4d4c190cf1d13ca4ad0,0
0002af4ca7546439437bf3f82ef4a1c8,0
0002b0a9a055a073b8ed0a1bb7beec31,1
0002b473e7c71ef74e3f84013abb12f8,0
0002b528f6cc0790138f08473045a66d,0
0002b82465903cb6d0891d33ac466e55,0
0002b8bf718d0cf0a4630817ece1ac9d,0
0002bad9e93df6b90e814910d6293391,0
0002bbe8aec34047b03e13b384b7b94a,0
0002bf0d372fcf9e585eb04febbf01de,0
0002bf344f15abb0356127deaa753f8d,0
0002bfc3e686790c018d7e75df930c34,0
0002c20c6b52b6a37510a1154588edac,0
0002c2f6bee8ff52eff6178c37a7b211,1
0002c37b801618259a386f59251d6033,1
0002c3da8a1733d2cf20be40432803a9,1
0002c87cb9129bf98de74dfd9abd0c50,0
0002c8e935aa8845d11eb771587f8c92,0
0002cbed1a1f4cddb87fa99a6dfc7625,1
0002cd8b6889b452fcf5b2438056f237,0
0002d04820450f99fda1588d3d6b11b8,0
0002d454123574b727cd8ffb6580596e,0
0002d6c575d1112431aa46addd0794d3,1
0002d6c7e11892fb2e15ffe819afb474,0
0002d7bcd3d61e39b627ce3d1a5ec504,0
0002db0cc3e4172c8401031dc4c15b9a,1
0002dc1a844407e334125696f7a4c78e,0
0002dd86ed54210a9deab0a2bb610554,1
0002de373807d03e8837aa5d2071d0cf,0
0002df13f24f07fafb917a81e7de7588,1
0002e056a4e56acbf6221d5c7feafb71,1
0002e071abc1c451ec60cc98b90220b7,0
0002e3bffcb3c1b2ac8b5f962a64b47b,0
0002e670d34a36280269eef924092a05,0
0002e938cd10813caac5d2ba1badf801,1
0002e9977908a17ac5c959ed30b859fe,0
0002ea34d7d642ac263945a24a22fdca,1
0002ef620e9509ece2cd676fbd4c8c15,1
0002f0cabda32d6efe12997c5e683f23,0
0002f0f020c7f3a4fe21bbe8a5f5a99b,0
0002f5f3230e185c7268ce887408baa6,0
0002f624f0d0d7eedc0f15fb613b1b47,0
0002f6256daa20dd446d0d6d3c2e1c7c,0
0002f69f5146967b542caf159106eaa5,0
0002f7ea45e0f73150c663ba203351f1,1
0002f8653055cecaaed522e96066ac2c,1
0002f936f8ec6c02bbdc5314c24d8e88,0
0002f9e87915a4c5e45f3513adc26dcf,1
0002fbbf2ab34d03f5af31a0826041f0,0
0002fcd2211ee583c39df6def8fd484b,0
00030626ca1242e17b3ecd894669a49d,0
0003093fbed357be62ad063585053324,0
00030c0032ea03ffc20e36d15f3de384,0
00030c1d0a54c31c298cb9e71d80cb70,1
00030f147c81cebe0d18ed301e2b48e7,0
0003100bc72d1eecf759e77f52a2ef08,1
000313d001f07bc947c62d8b7d8f7d1e,1
0003149859c4c18930126fce8e6cbc49,1
00031595ecd7624b4391cb64d3e58040,1
0003177fc6fbcd9a1f2105346e70953f,1
00031911a58cc1402f0a25c93e66d5a5,0
000319cda356929cded4e96b6721f563,1
00031a66db8166ad702d71990cd6e45b,0
00031f00f7737e250c14a8fa229238b4,0
000320afe6bed41808b98be7d480621d,0
000323e7b8f8f10fb21faa598c52efd1,1
0003260b7f3eaf353d56b4e302483e6d,0
000327e055b5b125cedcfc223e5f24d5,0
000328eb5c23078048840e44e0cb5e88,0
0003295314a616bb2cb7fa8865c38d2c,0
00032976e6d0c70199a42c11441dbde8,0
0003299a9f6ab9b94df7d695a76fb5f8,1
00032a839843012762c8fea2edc7a3ac,0
00032acb2638b0316150a0e492d1ebee,0
00032be8a0fc34b373a4108bb858c068,0
00032cc4d4ce47427c498ad23c2f6f47,0
00032d9913282b34ae6015d5e4f89018,0
00032dbf6818e3c7fa5b812ec5accd8f,1
00032e3c46db2fbfdf2977da0f2a80cd,1
00033e1c4ca7e60b15d940c5ce9250f9,0
0003423996e0bafb64245848a4d26228,1
00034410f7778254dc9c53da81500d9b,1
000344555b739392a3c46d84b6153aa9,1
000344963bb3ba04ecb6273f68459525,0
000345a228bac2fba0cf601b17cd1405,0
0003476de8ce16be537d575053ec7d19,0
0003492a9451485e8c0a3de6a52634c8,1
000349aa614df032e6ee99fb3746d215,0
00034afe9bee61846e990cf00b45e1bd,0
00034b1c8ae75b78438b1c3d35f1df02,1
00034b4986ead10d68177829a53ee238,1
00034ba1f7a559fcaed63e9deac2ee4d,0
00034be0390e8fb611c76db3d02d1b06,1
00034ca6e010a33b7fae245118e51138,1
00034d0cf3ba7cf31b6b9f497cd0ad42,1
00034dd3b7999b715dc19e283362f553,1
00034e25054edeaacdd9bec77ab4f35c,0
000354a7d30d0f2eae6b2319e9853867,1
00035562d817f53b365d6a15590ae8c3,1
0003588be63ef6fbb17e186cd7563887,0
000359d94ece643b2f16b1920b1776e1,0
00035c8168cdbf4f81182432eaa732bc,0
00035c988cc15f7d89d2582d5dd36909,1
00035de3ab0919c997849a2ea0b363d6,1
00036019d636bdda6f90b977affc030c,1
00036229449542289c4145902b33a833,0
0003640889c4e1c2735f3d3e94f2c04e,0
0003640d3eeda33dff532c9f3d9a4a52,0
0003693310b7b38d0a4fbe95d4d47d49,0
00036b636928257edae7e039393f3aee,0
00036cc43ee8b7639938871e43db8d03,0
00036e6a7a4473b1ca06bb3224430067,0
000371f5ccf2c23806fdb58ed8436886,1
000373719ac7230627d16530b8032ee2,1
000374a5839ee3de1a857def7dd1eef3,0
0003763494856e8826c00082c9d06562,0
00037a5ff54ba7297fe33b5fc84828c2,1
00037b181c13a1c5d3a6e45436221481,1
00037eff0c246d506b9da3625f82d100,0
0003800b554d52e6437c2b73fdd9ccb0,0
00038160577fc30f8b2ffdd860a95355,1
00038782fa9a09ee92058a859f78c4da,1
0003881f0554620c740640e0149ae79f,1
00038aeaeaabadfa93918dbeaa23ac9b,0
00038c06bcce39ca8692fb8acfc3cea7,0
00038f3badb6bb3ea1be62fccca7466e,1
00038ffd86c895ed84b68389092871bd,1
000394f0df0dc6cbf766c15155f0957a,1
00039533a782edb31dda76d15b515479,1
0003956ce5084e038d3eb893a85c972f,1
000395ddb22efa94133ce30e9e747976,1
000396057faaf9c6ac1b4b9d44dabefa,1
00039a8e889433dc2b8fbaf735e5f9bd,1
00039b1320a45c640fb3e4feec892a36,0
00039d5c73e5b7e96f4ae273bcb9be9f,1
00039edec82d489c4200fa25d89f5809,1
00039f551e37bee7c45cc1869bb7bcbd,0
0003a46c21655cbb01d854a7d9334301,1
0003a4725b73feee6b9cfdfe60837a79,0
0003a61401c1f6eb2a74c72e9cdb49c3,1
0003a6ac9405f2961093ba6869416e25,0
0003a79ee4c79292cd638f46b228c244,1
0003a9f74b19b9081185887cb28e88a9,0
0003aa83c2160a2226d2609d3aa36f5b,0
0003aaeaef03630c4c9de0d3d6a5c887,1
0003ac623af64d9f648aace739a1d7fe,1
0003acc879990ec6ad7a13ed79507b6f,1
0003add4df20fa999fe04369a91825c7,1
0003afaff5480b40846075b01263194f,0
0003b1278db806918f124d007f75617d,1
0003b17ae3b695a8a2f55bfdbda43e75,0
0003b65915569c2dd2e062357230cf68,0
0003b89f90cfd9175691ad7ca9454154,1
0003ba870b4afe5165b900ac0e318d20,0
0003bb1469326864f6fe64912b864933,0
0003be8b048cd1cda98e684c85272675,0
0003bedb41d0bc1212800d280048a4f3,1
0003c06965d6db9321a84f6b8a90926a,1
0003c0f0895c3c978b4eaa781c7f5200,0
0003c394fa166eca61e72ccce9d06eee,0
0003c71b0742c1a9a6120c0881ebbb68,1
0003c907d7c3d85bd32e3a58e8595830,1
0003c958431311da9c6f0ec60bfeb1bd,1
0003c9cef4c1f1865b4bbd292dcd0d43,1
0003ca04529eec0454ac1b4bc31edf53,1
0003ccfbb7796387232b2e5e1f809dbe,1
0003d102da4cad42588a5d9a35da2dba,1
0003d136a720c3857d51019715bb79ea,0
0003d40cb97015089fefb8bfceccff01,1
0003d473d2ea3fd76153707b79f1f7ef,1
0003d7642df9205c6cb7f519054c41d1,0
0003dc17cce61b23ddbd65d82c630f26,1
0003dcd6cb658484b5244753f059d089,0
0003dfd4e582e5259da765ad8e2feff9,0
0003e095e016b28f22fa83cb899f9e50,1
0003e0a74a56382817fbe5b08560892a,1
0003e57c094000565b72b035ff150d57,1
0003e91a46d286b52d42607ee0ffeccb,1
0003eada91571b8465eee8a770ab385f,0
0003ebe45d0f2b4207c8d49e4f9bf252,0
0003ef3c442ae21d8a3d5940efe24c9f,1
0003f1c4158f6f1b6e08bb10d4862108,0
0003f2088b35a3cb3834a8436aeb4942,0
0003f546b6319b70cc782a450d15d5a5,0
0003f69c96040df6a36d294d0351b271,0
0003f6e4b0d8ce13e005084dad182d7f,1
0003f74a09ee3966140f0dff41f6aa5a,0
0003f8cddbf5da51344ae7265695ce23,0
0003f9f74832e3ebe521b2da9a95dc7a,0
0003faa9b020d8b47ef4259b79f5525b,1
0003fc109eaa6d9939d93b9b24aebe13,0
0003fc64913f0906e13e456e717c3657,0
0003fdf28cb20b5b1d4b91e2be8a14ee,0
0004013a3421fcde704db83dc097ba06,1
00040320ba13e01db5affa08475a2eb9,1
00040711fddfd7a3118977546b15a798,1
000407caed45e59cc7a8a6cafc1666cb,1
000408b9bdaa5105638b9c2d776499bc,0
0004098a8dbf4879f02627ee62ecfe4a,0
00040a4b629de7801703e768262d7603,0
00040abab36ec637c07159f54e8c5f4a,0
00040baafd53b9e4f13b911ae1df5151,1
00040d848eeb3b038d43576f7914b2cc,1
0004104d03c6d7c9d0c1006c9448177d,1
00041395566174046c7378d34fca863a,1
00041a7ab5c93a62c5e19b801f45c1ad,1
00042091aa1a79edcca5519c5ef94036,1
0004225fe7abc1cddebb2f382b6c3d54,1
0004273d2a0fa98a71102d01a6569130,1
0004274ad2d2c08b6d0607c27fb5863c,0
00042b088aa9b95a012f5518457e3034,1
00042e1c7cd0fc35691b72cadedc3908,1
00042e6b5785fd4b7e12c1d48564b8fe,1
00042fcb0d826a4e2206102b57833d79,1
0004316fd7e3001c3164c5b42c58d2ef,1
00043519d46a3002ab4300db43fa2765,1
00043685bb351ebdda6c5cc6ac5078f6,0
00043933ab74b6d83e39d5939b20afa2,0
00043bb6cfba5081d4eef6dffcc2f22a,1
00043be9b974ceabaa9a5f7c1c91e04a,1
00043c5bf11d3384bb4eb3690888b452,1
00043c7ccda64307b879a6b32f4a6dc3,1
00043dd8bda5ca35e251b6bd153ed1af,1
00043e51edf644ecb6c29eba5904c606,0
000441bd7062969fb2b3e4d0f75c17d9,1
000443410ec8f76cda384298febe909e,0
000449c24d3da56ce053b5c87f51166d,1
00044b86d6d658a5e77d29035c05c856,0
00044c8fff362b51d096d113e3d3b0bf,1
00044e2c67af9f82928aba2f4e1b9a31,1
000451d05ed83318ca71d4eb51425b9c,1
00045205ab8e9318946311f598f95221,0
0004537fa7ea2cec49ad0ce4cf49d55c,1
000453e2dae2ccea5c571e31dd2091ed,1
0004572bdc3be79a6c203ed891045715,0
00045871b4dff1c8dcd29f97c6e2234c,0
000458a071b60ac8e13066566fc158de,1
00045ac9ef023db9cf4a9ff0dbeeb85b,1
00045bfbea55c9fbf77e4243348ed953,1
00045c401e99a9ef983f8caf1fd01669,1
00045ff2ae921111299b9ee7121da74d,0
000464acc0cfb6ecbd933cd18587f4b1,1
00046506253299316a4b11dae66a4c1d,0
000465e132670ed9c3de70e436d58457,1
000466f8146afeb007176bc874e45352,1
000467c81974d1ecb83a226cfe79b02c,1
000467dd10b91f4f277667a42e971cf8,0
000469bc8912d7bf8bd1b2c54d57662e,1
00046accab9a071e244c5d8766dc61e3,0
00046b74cfbdb2c477dcf0c58b32516f,0
00046c0384451d6be01f8c6a99f3c88d,1
00046c473ff1c67c38d2cdfdc0e44263,0
00046d3e9578b1b8e5891209ff01c6f9,0
00046fc7666ae91a3e6863f2884ad5cd,0
0004704360ee138a8d47e7a697fc7145,0
0004715f72d3c97045989f639fd1e673,0
00047269ee2f7faac4f260c450aa560a,0
0004759b597150ab2361c489e21a99ee,1
00047ad09b041b1f1295b68f6a9e3ca0,1
00047d8ce082c5586601b9ad5ef5257c,1
0004829c0b88a3df0ceab728c2deb6ea,1
0004837c499297586e3f74b1a59891d3,0
0004856b7ce88f1f0f3ea942fb63e868,0
000486515bc6b5986bd6ef19679247b9,0
00048ac3d6f357bc5b7fc3bbe0eec831,1
00048e987ac1043ea8500d3fba0d21b0,0
000490155f8542ad45d42921e8d7d320,0
00049483400ace5218f1a7fd86fca1eb,0
00049682cb0c0724c0c7b4fddb2cbe83,0
000497e95af98b741c0b172b2e5015ec,1
000499aae1cb4e93e47f59880a9571a2,1
00049d53ff5959a678cc723fc5d43f5a,1
00049d7b30d060199877d6586ba891d1,0
00049f52b7c959c384008b43b14ee251,1
0004a102fc1a16473dff0c2f854d813e,1
0004a1dc8c3d548b5f977d0052e44f11,0
0004a268613206c80a5d53ae05208cbf,0
0004a2958df67ec7a4b4c0ddafba6525,1
0004a2a4344d5dc3f23d13aed8f7f429,1
0004a335523287d4cc258ccb4a15c531,1
0004a80f01178ca258bfb8671950b58c,1
0004a85a43c27513c40651c23e4cd399,1
0004a87bd57f55dcca1ad4caf7a793c4,1
0004a9102ef3b04fb68560408798fc0c,0
0004a93187e350bf5c9fa09a3a17467f,1
0004a9d096f7e400e60dc8d83d2f2331,1
0004ac165ed038c39590ac57a0d34f53,1
0004afa3625f832897a122a76ca1d31a,1
0004b016e173315ea859dba3ea1546b3,0
0004b359a950c1018cd60d6f4fd0344b,1
0004b3c2fe01130b26b4b767b7528f05,0
0004b73b2619155d240857aa18c3b88d,1
0004badf66bf1b647ce47c07be948c66,0
0004bb504aaedacd2b9c17880b430e46,1
0004bc5039c518e4c2278c7b08d2dc78,1
0004bc97fc5d65b22013c33f6608ed19,0
0004bd5fbad73cdd79a8de09ee2401a2,1
0004c3a26bf29552f8237b02ac9b9c03,0
0004c77b58f5b5545c40c2f943f55f6c,0
0004c9d87a6d07b3c51ad2524d8673c5,0
0004cc33a489b858872d423582ef5210,1
0004ccf8ac1847feb186fcef2e22f0df,0
0004cd741c6a1e5a1d69f8f6814f6ca2,1
0004ce3ed71a188cac1c5809a8e36c14,1
0004d01a6ad756d5f555b814afc81761,1
0004d586dce0f1bdd31a5be09f75c770,1
0004d673c672e815d627900e3e1373fb,1
0004d7919f16fc92f59ba72fadeea5b1,1
0004d833f28dc7c8aafee718e635a536,1
0004d8a39ac1fe8d005f75bb9b880cdf,1
0004d8fc5637a08fb8b80b2722238110,1
0004da8557916e92be7ab85e528b746d,1
0004dbaf86cb8c8a8f0dc861a12b34bd,0
0004dbda76d407bb623f009318682292,1
0004dbdf07a628db78be5dc33d78c21d,0
0004dc92789f7c4eb095db413f0304fb,1
0004e1e699652ecf6e289349db441fb1,1
0004e5164e54a75b7f760809616291d4,1
0004e8e6c053373a4ca6b35de2d6a149,1
0004eb91add58287df74f019e3074e28,0
0004f14ff43144db7c69e9fb54be6d7f,0
0004f36dbcf1cb44fd41bc09e2f1f965,0
0004f8611c48e5e5235abfafa6ce1541,0
0004f90fc5fdaae09ef3efe37b7714b0,0
0004fcf94e47caa7b8f2e7ae3547b695,1
0004fd634a27b83fa2f997a17a563787,1
0004fe7d7b2a1534fe21bb39f8660f80,0
00050046cffa60f01d1400590dc9a5cb,0
000503586570254d99e8bdaa5b21e3e8,0
000505befc685a5ae99766565413aee8,0
000505f06468f4e0c850695370a8a1cf,0
0005063a576103fec496bec55c60224a,1
00050781949569a3992bf83de5462397,1
000507a347a7cb9835a790dd35c7f89c,0
00050895682ba846095d7ef1396565c2,0
00050b10b7c47f62355f16d6e95697f4,1
00050bc455230b9e4895f81159ee70d3,0
00050be1d7b6d0fe9e9495e1b396f880,1
00050c678504e39f8fb58976d3061b6c,0
00050cf57a3bb5337fbaae5ae98e03aa,1
00050df75dc2a093bfb609a85d179ea0,0
00050f9acf73efc5b8453420fc9fdea1,1
000510f2ae3e23f3610893992603631e,1
000512dd5123ed64b43c7763c86a9ea0,0
0005131e86f97dc493cc71d6ae3a2bf2,1
0005136e53fc4d8508f9b3f7cd4502e2,0
00051800e6d5b2a5c018428d289803f1,1
00051821931d03254a1486d44887e0a3,0
000518ab51b60e08d300ab03750b0318,0
00051fb1d9af5841a7c7f06e96368bb5,0
0005215ec08f29e77a48debba1a7b62a,0
000521621b67149a782c98f106f1661f,0
00052280dc740799926a0f44d188de5f,0
00052325bca195335441d636f73984f3,1
0005236c4bf4a01934184a9eb40ab9ea,1
000528e84f0797a85a12367002e87631,1
00052b3fe4246360255c2b5495cac16d,1
00052c449f6e070356501951640f251d,1
00052c803298f972f663b4e69bf7032a,1
00052e5f07ff217f309ab0d8bce0928a,0
00052e8b785b63ef2f85b47844cace15,0
00053077b5b724d617b89408de24623b,1
0005315db5a8c673975b10fcbfbccebe,0
000537aa405252a5dd7ff3a86dfc3492,1
00053ba5145bcf136247dc6703430ce0,1
00053be4d221b212258eec4440e2ffe5,1
00053c78251f5ef3032969b781132e63,0
00053ebeeeb24c6704e0f7c444561c51,0
000540777188db4887eaf2f7c55b0ff2,0
0005408106e060a74e37d67cef09115c,1
0005408db050e3a7a178aab8744cb50a,0
000544003c65c5ccdd182b851a26a7b3,0
0005457e8bc586c332a70b6c10e7d098,1
000547b154723c25ea523fb72532c1a5,1
000547eb6df813e1525e743ef2377598,1
000548ddb2855b9c6829b92cbb36c6dc,0
00054917255fbba61ed526012d4c855c,0
00054cdd28a97b772d3ebb7efc670464,1
000552ec8fdadc55071ff61b20958bf4,1
0005537687952dbf4f6b29deeaefc95a,1
000554dea743591913e50d77bbc7b379,0
0005597acafe1694f10a0b25c5671cb7,1
00055b769700fb34dab8ac0b971e393b,1
00055ff7d615c586ca40a41cce5d23a8,1
0005608588d32cb38650c72e4e0ab1f8,1
000561e708904d6164c58d45dcd114ac,0
0005625bebee8c6e12dd96bec615b889,0
0005642c32c4d04ea0812327c20c26c9,0
000565370cdb3617545f2f1ceb825b0f,0
00056949e6818348fc95715330377b70,0
00056994e5ffe7f87b5a3392fa6d53ed,0
00056abe63374b53211eb6ef14955ce5,1
00056b98ed044e60e682083e09360080,1
00056e7c9326ca51a365c3880ff2d40d,1
00056f74526c145f85c7636da0ebe619,0
00056f746aafe2c1f7a5265dfe1a4ca3,0
00056fac6b85771ea80112acbb7dc635,1
000570769c4ab1fbe3568af2a8c8db9f,0
000570cd999751e18c5a5fed071ed9fa,1
0005716210e5e825caeda08753180493,0
00057198d3069ac132a5143804f78138,1
00057563036c46245aaf972a312a7d43,1
00057902104390951c7273fce72662cb,1
000579a21f5420747f2a7ae876b60de2,0
00057a0a69f66f6bf9b8587af192df59,1
00057be2a0e1d230d3d2ea362f32a91a,1
00057d8793b8114a9d2a0515cddf6010,1
00057e7a01af082a9a7875dbdeecc3f9,0
0005804c9298f5fcf86f21edd41071b7,0
000581b47053599c8531b48accf516ad,1
000581cd68c7e60e632d097322163d39,0
000582f920367b81fb817024cd6d1da1,1
0005857317c9a06883b9925e646fcd79,0
000586c5b24a44c5fc2ff02cb05e68db,0
0005884c82e9b2ef5f1075e46ec54759,0
00058890cf020ecd5f91ec6481da31ae,1
0005893f4d499ef635b7b55eabf3fc27,0
00058951b8b3bb4b39179f5334e24380,1
00058a52d9fdc4fe8c3cf80bd69ef109,0
00058c4fb5527b2aeb7971ddb442cdbc,0
00058c89bfcc80086d3c4bb1fd0dfde5,0
00058cdaac28961b2bba7edf1e98e935,1
00058d7f73d151b3994c4f8db737383e,0
00058e5ce0806c1f52aa3f251159dd92,1
00058ff168be8f8011be6910fb6a15d6,0
0005973af37610b1212c2d00262b0753,0
000598989bacb8df47578c2a29333f50,0
00059ab680c9872e2785474281f2a07a,1
00059bab05e428cee90b3e4b88533900,1
00059bbbcf38e958bbbaa96f13b978d1,1
00059ea2ad4dce7c1b0a577dd74f6f93,0
0005a0b46fcc25ff857ecb3a7e4ab681,1
0005a6b01dddcaf08b5c0c853c83c721,0
0005a6cca42fdda84b94e66397ce4e9e,1
0005a6eec720a6176a10695cdb741eaf,0
0005acb00bc8a73ee4695a85667fc359,1
0005af0c186c71730ab93f728c32c81b,1
0005b3f6f851f54c75ef0330a3c099f7,1
0005b62e587dbc025a306afc56c78ac6,1
0005b6d3c6cb617ec4b615903fc124e6,1
0005b90c3fb7b5f0f362c70d72a1075c,1
0005b961304d456027ae296ce2f331c4,0
0005bbb68d91376d573d1bc6988e9bb0,1
0005be2feb704f878b104623148b8b26,1
0005bf4767fb9f7442270f29f9c5fc6e,0
0005c1dd21a50cdb2248a25006a65843,1
0005c2e61e86ffd64089152ba0be7458,0
0005c395d823faa8a9a8b78912f9a69f,0
0005c4835d20d5833fc0f0c6b56ca715,0
0005cf71899e085957a2edae8fe526fc,0
0005d19fe209b0ff3cef7df7632d8b6f,0
0005d1d54b4b277dbfb1265461b154c2,0
0005d2124cf4c05ac14cfe0f1eba81c7,1
0005d233ba4dd9f2136f7b7f7df1cd83,0
0005d234e7ec6d7e706844751dde6851,1
0005d3b49eddca50b4844624e70f0036,0
0005d5b5b3fbd1e295218b159d654049,1
0005d5c90cd8d0d0426a752394429707,1
0005d65ec9e85e0f90ab809d3059c770,1
0005d843fd7a69d8b15a8d87d7f5ac4b,0
0005d8774eae0fe4ac631b37b2bfd985,0
0005d8d2836e0e71f475481a38e5be5d,1
0005db1477188bd524c80a71a5784428,0
0005dcbf0fb698b288c4b7934485f0ae,0
0005dd472999eaa9b8690504842d2721,1
0005dde283287048233030c23d21db50,1
0005e63149bfc1e1a45709c1830a9e65,0
0005e7d27592a38e0b1c5f811db8536f,1
0005e8e3597a05ee42f7cf216f8582a5,1
0005ea8c8f603b4c1f039530b77cc661,0
0005eb1e80d07466fd8ba2bddbd97bff,1
0005ee1d4506dc9c532e3dc36da889c0,0
0005ef3196c64d890af428a001c24021,1
0005f02d4bda19e2650dbfcb32f07f84,0
0005f11f0c5b1bdb8651e48611d6968c,1
0005f2ceea3b121afaa5afad8b9f2b8b,1
0005f2ec9b9f61a58ad484e4475460fb,1
0005f4a1eeb14f235503adc8686e428b,0
0005fb06d02cc4fb539c487edd0841af,1
0005fe72e3637d21b22ca0ad97d84dae,0
0005ff9348a64c7b4d535f7a2850eef5,0
0006016e0c141426bd8044e94c545c24,1
000602c4d7001b2ef3d0d910735ef789,0
000604e8b52fe4f60e4ded7c7d8e67e5,0
000605a1d0cb696a17722bf255c5ddee,1
000606bf293d00fcb8f89c16765421c2,0
0006078177e5a92d1f10be268b13326f,0
00060ab5e7d4455f56ee7ce969ef9318,1
00060b2ef8c2068e8e781be7f6f534a8,0
00060b7da12330ca9f7ec2656f7cee73,0
00060baf22cdbb6c57a5741d3679bb31,1
00060c0e36cb811e91b0a7a5959c116d,0
00060ce2798a1f41391b10246b8a813e,0
00060f2259cc2aa1299bd21faef40304,1
0006115f79762615ee2044fa689d19e3,0
000613bd8916672609744790c44c76d9,1
0006165f7f8be5d67452b4da21d2da2f,0
000618f59d3bdec0e94df3cd095adae4,0
0006198037126c893da0f4c91d97f6b0,1
00061a248425b6c1a175be850577bc0e,1
00061b018596b84e6c3a36e9afba1bc9,1
0006219b92070a00c9cc538a6ecf9dd4,1
00062279d96372622669d0f40f61bf1f,0
0006258383afbd973f918e744dc9615b,1
000629812e75876f05cc20722287198f,0
00062d1716c9b5f292b472f1f2930622,0
000630d730e26f7d8393603a3de14085,1
000634a636109a8de8e4b127657ab5b0,0
0006363c66ad3625827a1bfd17c937c1,0
000636d717bb86f39b642e220dc74a24,1
000636f4b92d5a6c22e83b76acb585cf,1
0006385e64b05c7b2f5d06756ce3e35c,0
0006388c039b2d3b1bad544c3ee3a13f,0
000638b0012cddd3a37463a2659a5fca,0
00064067db02cd4641c66add39fd2875,1
0006435fc426f3228201ee081a17149a,1
000643fdde4bcd735a34426577810665,1
000644085d63c4793869977d389575dc,1
00064466d92b69cfe97f954b314633be,1
00064477646d7e8c1a4842b4e487ae31,0
000645015a82b86f3f90876b30762c61,0
0006467f8d1c663f6653d15afd630855,0
000647937a8c696c00588ee6d0e4966f,0
000648b5fa9db5ef031e3f22d685ad77,1
000648be8179eb49afb798fa3bdc551a,0
00064c994506ecdd7da4026b99031a94,0
00064cca1b0c9c201cc31f926c8908e0,0
00064e0ee38b04b5267420fbcb5a5be6,0
00064e80c01ca317cb837d45fcf9f44f,0
000650f533d45a6b67a49a401371465c,1
000654c3532f2be7c7d841f5a59444a2,1
00065a2f7b03f8f00ed0a573aad70486,0
00065b55da1478fd9e8011197fd2c3e0,1
00066248c83d8287601ff5e8bff2a572,1
000662553147396c7a6e8f5fbcced9d3,0
000663b5a4c138bf556d82cc813fbdc5,1
00066486f89370caf3619bf32b9cf9db,1
00066746403c2591cad7a2e4e98f2c35,0
00066827a402cb63954dbaa44f517970,0
00066dff35e8ecb30474d4e6aa65978e,1
00066e9af21dcac56c6eab496075b87b,1
00066faa9a4e824e265390cf9c00f3be,1
00067164f4bbcf3025db5b5cf520ad76,1
000672042359d73ca7b2a37ffa6688c5,1
0006726f89a302a1197576b39e7707c3,0
00067589a95cbb4f2b79ae5444ef84c4,1
0006796d4864a0cd5ea86c4d2772e1f9,1
00067a8e1d74cd84e05c12c53aa7b713,0
00067bd2a97e4bf99b9c3c6ec4b5d85e,1
00067d7bf559d9e1083580f4b6529d73,1
00067ede5914d2572dad99383beee9a4,1
0006803960df2873120cb31c7f204950,1
00068259a860c15a368e282c89caec87,0
0006838117d420022cb668c0a774d4b3,1
000683f8c472c9cedad38555243c60ee,0
0006884c47083d1f6ddf428c7f319bb7,0
000689aa0f3cefafd770ee5fe6ee43d5,1
00068b77a81b5635585cb164274f72c5,1
00068c756976d315fd8848974615cf21,1
00068e0f299cefce7f79e4240409b51f,0
000690a479f8ae89095d06445236ba97,1
000691a579dcbff4418a58a46aea5afe,0
00069917f304a9ddccec2dee0f5369a2,0
00069a66536b73a176a320a2baad88c9,0
00069d08d7d5136eac14fcb405789f3d,1
00069d1a4549b289bd6011207b6d1d41,0
00069e695a2c82df0b20493b1063fc1e,0
0006a1a5232e0ec05e0112566b997d2d,1
0006a55ef1a15cde6cb4d7ddaa9c82b4,1
0006a82b9b7e6810562dc14ebb542f23,0
0006af49c490b1c5f5b4821034d184f8,1
0006b122016890fbd38c4198eed2a0c2,0
0006b3ca6172142f6d3ee30041986ffc,0
0006b48a8f59c08828fa92278176e653,0
0006b558b11924257dd7f4c58096fb18,1
0006b57ff7b2b74d72ae435e9c908292,0
0006b64edf97543ecf539376487cff12,0
0006b7d3f7a37abbf4b7c959f4c46f1a,1
0006b81ca4f06b9e9d9d55a86d8d0a53,0
0006bd836b097aa797f16bf217658c9a,0
0006bdc95fbd02ce4af56ce19f9222ae,0
0006c11b93514edd8025d20f707f58ee,1
0006c2586cec6f469b2b95d7377292e5,1
0006c2fb849724d84b386def3c52b406,1
0006c395bb94dc81ddaa0076d6e2cb40,0
0006c3d2b42d274eee73811e1005db46,1
0006c80f657f68a5188c4a80fea7c859,0
0006c9e448314b146965a1ad2e90ab96,0
0006ca95f3a95ea5d918bf3ea8d60d85,1
0006cc277f012e7f0439cba0c3e4967a,0
0006d2ab447dc40a7ae9ec03eda8c1b3,1
0006d7a061b14ce00a1d74a66d93ed73,0
0006d98b02b426e00f87ed2809b90078,1
0006d9db6d0afbb2d74dca42fee21df0,1
0006da948695056c4790eee5c2b7d151,0
0006dd932cdc71575d60a02c2ddb5dbe,0
0006de600fadc7f5b9f3f93d2e74d0e9,0
0006e2740d1c0012ca1520ae9e8444b2,1
0006e4c48a5470e4da6563f2e102e86e,0
0006e5373edab547afdb6265959bce45,0
0006e945bbc10c823df3c48ac91a7c05,0
0006ed90f357bb31ae66317b295d6807,0
0006f0d6c5b20ece8eb41b67c6ac2c60,1
0006f186d7d4c85cfb9e1e559acdb48f,0
0006f1fb7feeae5a256e5bdfd7bebaf0,1
0006f2ff9dc31030976aa1d511e7f94d,1
0006f968fdce4b3747969405fe979f6b,1
0006fc519a21b6e7c6a23dc0519a26fb,0
0006ffc899f3faf8dd42086914032cc3,1
000702f8d6e1db7ab3bc98cce5d8de0e,0
0007050dd0f15e92d513ea1f64be688e,0
00070578a425134b1d327c4c4d95758d,1
000708344e884578f6311ada40c86dc8,1
00070c33a4cf86ae17d400c2da69be45,1
00070e67b6115fd956f89d1efe4336be,1
00070eb35aa910c86e9a530360548f84,0
00070f0eaf0b581ef36df5b01da67575,0
00070f67e75bdb3567ebdc7c829ca431,0
000714a17774df38be03ae10315325bf,1
0007179d649dfb22831db3150788ed3e,0
000717c8cb1ab1315a551fe92aa97539,0
00071d885b0eb3eab5c6dfafdbd01d71,0
00071f271c6a2c367b9aef9ad811f175,1
00071fccd8045529e5a456d8283c3782,0
000720bf042b4cee0dd0946dd0aa7ab6,0
0007237933bc18ea2eeecf5d163f2449,1
000726cd84e42a10d816377783922918,0
000726e8c540bb326c90b3bea7263b49,1
00072aa5d6998b7fbf13dcb588380d29,1
00072c09ba484d6225dcf8cd8b62b5c3,1
00072d00ac4ed0c38222afcc8e78ef49,1
00073389d202b93f85dec2e41dc9862a,1
0007342b4f190aa0bda461ef192e523f,0
00073c0d8b106bf4480d299a6c9b4d0f,0
00073f2dfb2a7841e3dbf5a9b5e982fe,1
00073f656f894d0aa5341ed76c6954c1,0
00073f9518763dda60f6178c3ab77e09,0
00074233e357596bbfcfd7427ad080fe,0
0007462518e005c0fac7e9e3e48c1e65,1
000746d4c2b526ddec19452347849c94,0
000747338b1fb923460d9667ef3340b8,1
0007477a18081f80aec63bdae037feff,1
00074c5ffad7b1df4820b7e5818ff501,1
00074c9f018c3e3d470115c70249c5da,0
00074d23b53a581a23006c0e0ae0dabc,0
00074e1776d7a11b01583b92ce9a22d1,1
000757f5602ee68e3419d3bfc4be808a,0
00075e5ef6378f1a3c7fda6941f896db,0
00075ea045f5ba7745aa7dc3be695e1c,0
00075ebcfc97529c3ab8cdc92187d740,1
000763562c8382b0b7001a156bca5c2b,1
00076618abc64c250496e69fa64af7f9,1
000767d03c52b6790eb8d288cd678dd8,0
000767fa9b215dc2fb29935f600e57c9,1
00076c2c1e0d4e16d8a93e0cd5a242c8,1
00076d5302e652f320b29a48813d7d8b,1
00076efb0afc739a4416d53c95325e32,0
00076f423cc157fe43f189b03a8a9b6d,0
0007701f818622f986e7cec81d989b10,0
0007734e121cdeb32e8ba4948d4ae793,0
0007758465e465c51aa41b9885245678,1
0007783f96f787da5902dbb66980ece8,0
00077aa08bd1d5c0ec17624e2b70499c,1
00077e3299720dc73f770f8872a3367a,0
00077f9e70a3040fc6e63e5d41370f1b,1
000780cc86a447f9f508ab3170034d6d,1
0007818528d1cabdcc3bf824ee1e3545,1
000785563490c510f5ea4a1912850f48,0
000788a4677fed7ccd7ca28542468a8f,1
000789bf1d66cd0eef383f8f8f032cbc,1
00078b0bd6099764e5fd895ec3dd72aa,0
00078b630b8c9cad0669a20e98342586,0
00078c0415fc67fc649c67ce1c98d7aa,1
00078f0d3a0d39e810e9f9ae7a70e472,1
0007939886d426dde8df96b4db0f17e8,1
000793fdc81662051bf2194b806bd24a,1
000797d918f428618b1391507aea313e,1
000799bbf6d2f4a79cc13646ed401986,0
00079a249db6f8a3b291435a3e3e386f,1
00079b45da0fdc8e325778dbedcb7bb5,1
00079b656e720f9ce58d0140f0798048,1
00079eb19938ace5aed728e1d0f89c1f,1
00079ecd0bb5fa34571846f459b81be5,1
00079f4368727596a956f0436dc526b8,1
00079f9a4316342d7d9592537c592d6e,0
0007a018ad4dc611fe588f8b97b3f1fe,1
0007a0e783aaf56db332ce0ae0eec686,0
0007a18a6d5abf9b4979d1a667eeadb1,1
0007a1d0f9765ec377d72bf2aa9995bc,0
0007a4557ddde59787a607fa3eb0a817,1
0007a4b4a4c62824b3705f16ed619c78,0
0007a51b06e84a2fbf69edc7bb435976,0
0007a844587057e4a8a1a02006ad0517,0
0007a877cbc9772785b82b9b7b334f70,0
0007aafd9d327287cf6e296070eb062e,0
0007ad4012a7330406c42c30877e592e,0
0007aee29bd1a3d51247f7bfb422eee9,0
0007b019bcb407b39e647ed3ada497a4,1
0007b346313c990d4adb891949ed9ad9,0
0007b41185d42b312eb046d6bfcb9cfb,0
0007b53cb919d5f4a956bd8eb847d14d,1
0007b74660b92ad3fab0b6d9f6b09943,1
0007bd13bc3ea5f62eb978e6735a4c83,1
0007be32477c9bdbae0c97db909e5b3a,0
0007be3d44a33586873c7e6ec0793670,1
0007c35d3f01b7d773a3b706717dec62,0
0007c6186e080fbdd4bf758475aae374,1
0007c7d713ce3d2d36ad16cc25159163,1
0007c918174fa2cffc338494965e7443,0
0007cada79a18bf4187dac0e3937b8da,1
0007cada9ea647422d53af907e2f017a,0
0007cc2ab47abced05584bcde719dac8,0
0007d60b0a6067101dbfbcc5f4c44fc4,0
0007d6689741eda2c3b6a38b3aac1216,1
0007d7237f9f582f7a1a2ccc6e03ce04,0
0007d790287dba681a7de42950d6f3a1,1
0007d924b5649064b41d255dbe04879d,1
0007db2d64fadd30494e1c41d4fcdfd5,0
0007e048fe1c48b15032a581b17124c4,1
0007e2973c80566cb4cb2cbf7b8bbd2d,1
0007e44fe44bacaa29af12077af738ff,1
0007e4922f080a08a4c138047a894379,0
0007e8bfdcb1ee76fde059e40f138f73,1
0007ea5abd73a7d9fdbb43caa24412e0,1
0007eb3f24e81c29367cae7be8809839,1
0007eb98c96c755b56d8fa671ede030f,1
0007ec2622d24d2e6d53e23f8c723d6d,1
0007ed7971d1fb3cd53f37f5bdfe7f36,1
0007f0d45de680972f47e50474d964d9,0
0007f115d960e0c8b9a9a15ae7ac2781,1
0007f14b2087b64a52577df7fde2a3de,1
0007f1d8a632363fc0078f053c3d71eb,1
0007f437a1210a72e0bf2761a3562075,1
0007f5242f1d7717057adfc8aa31ced2,0
0007f53a5591d35d77723275a0800ef8,1
0007fa3692878585ae1f7a70430dd07e,1
0008010209505d73ab40312b895890bd,0
000802dbadddc2bd12cb8624cd06cd6c,1
000803978c539d1a38fafa86f9255954,0
0008069b12fd5bcdef3193c128409761,0
00080762aec03005a486a4732d66e959,0
0008083258f1a0c7b1c5194f1976a18c,1
000808a3d5015d0a96ff93da83cf9413,0
000813d711a5c24033b9a8e285f4b7a2,0
00081d8feba3338608ad2e95f410a030,0
0008212eb4c9f39abc75aa724d08ab2b,1
000823222b02863f05ec21f1bd896ac4,1
0008261179e11d43335a558ba9a5d7ac,1
0008278bfcbc7ef75b0d9f8179c34e1e,1
00082aab864a5ee5a87b71759fc80d1a,0
00082c93da63ee45c3b07916d113c091,0
00082ed511d0f4cc38e5dca803af5fc3,1
000830e46162ef585925501935f795fe,1
000831de8f3ec6de99ed00a49f863ccc,0
000832cc0db3f3cb716b2283500b1342,1
000832ef6318d53080d1d75a8838ad87,1
000833b91602266e9a2680a8a7bf4e74,1
000833c62f2428f77102afc7f2f2ed58,0
000834efa1bf9834507ea26a1afa466d,0
0008374864ca6842b7d1300d383c871d,1
00083853e44a406bf691458762373a04,0
0008388aca73cae23d97bdc2e9af1c9c,0
00083d7fba5fa7782482a0e662bf95f3,1
000840f0c816097d0ebd97cab7c0d955,0
000841f268c92c0ba7df346c61ab1d94,1
000844504752ada5975bfd776fa27531,0
00084692541422bf7e456466b954dff2,0
00084704412b20c2506789a5aec44184,0
00084799240b9b266472d27931ff5015,0
000848114d80442c1510142df58ae49b,0
00084d1609b7f2d3c124640d2ecb2db9,1
00084e1086600aa09f95d7faa3768bc8,0
00084fabe462923759382b48c0717359,0
00085245ace15f7d5b46d1bc0fc51ee1,0
000853181a7b2a96e5b6057864041915,0
000853305198e3b5aad8e21ed3e27f98,1
0008536f3bf9cf9c790661b282ea7133,1
0008539119c3b28966dc92f1d9e85e90,0
0008549b4533222e626380d0ea008ee9,0
0008595d408b68a020d577f32ef10e63,1
00085acc3846beca488235ba5141910e,1
00085d84838e5c54b1dca8886f124b7f,0
00085fd0fa7241a5b3d1a250a97c8267,1
000865bc4c0db5513c3cc2da166c1bd9,1
00086c4b8fcfd08e5a64dd24fe6a23d0,1
00086e3418872358d5b1c2c756d51ea0,0
000870041269593f5085f8f8b49318e2,0
000871519771c9364d62cc711ae8e191,1
00087171ca8b6b2378a6b3c9b056e5ed,0
00087520f15805ccd33a3fbca00ab99e,1
000877084f59da3bf96f4397242b0551,0
0008788c2abef5b23594abfccb90b96d,1
000878c40152b9bebbc06b7cbf04f8f4,1
000878c4ac7a740ef6c8944b3548e578,1
000879ed184a03191454ab6fa5901d6b,1
00087b95864d6312e21cede377415f2d,0
00087e561e317d7419b11d8bc82240c3,0
00087fa440fd885507f3849c69d224cd,1
0008827cce6dfcef7da0d7b79b6fc1ca,1
0008894f19eafe97508896afd32f12cc,0
0008895c185c69b18348e1479d27897d,1
000889a6d35fc9685ed66363775b2e59,0
00089063bbfd32ea25273f7d439b4310,0
0008925094c194ea6d0e756a381cf0be,0
0008929e7224a696a527ff60f1d44048,0
000895320625092b2b1e9a49f001c211,1
0008959e51436aa8ae3d9aaa95a709bd,0
0008978dd3f41538ed4f3be98c500998,1
00089884e537b5c758774f1aec7d8288,1
000899b8576498cd670c3e42ea897f55,0
00089a24323ae76d73445602df70cc0f,1
00089b8a18b4956ddea0dc121b62ef65,0
00089c70f165394d0580967dde8ed719,0
0008a0d864a37831eeacd71d0138e5b7,1
0008a0d9ddf2a1a66b05890700b2900e,0
0008a2c20cc6f76cdefc75f22941ffd0,1
0008a5c2e12ec443504c9ee84341895e,0
0008a5e93cd45d536cb24ee0c0610a1b,1
0008a6adcf656238d029abdb793fe50d,1
0008a9811cfe05380e96106907c2f55a,0
0008aa0731af799e07471a142f0ca728,0
0008ac0dbfcdf2b06240c3a212d84b6f,1
0008af4791c201df9d934bda51527a0a,0
0008b0ff146f8cf8eba201a62dafa4e9,0
0008b249cbf37d61989954c4a95a2a0d,1
0008b796c0aa7f2c460c518a5ad4dcf6,1
0008b847669e6de120766592ce72dd98,1
0008b95fbc3c59261d80cf5b7490091d,0
0008b99557b387010fc16d8327b1f6fc,1
0008ba082a796d4d46df191ee2704431,1
0008bacef642ef583b195d221b840338,0
0008c0d1017d4acba1f7c9e513d39045,0
0008c2f9d5099b70b045d1d549d10607,1
0008c384ff9a5e792b4d478aa774e449,1
0008c5cbd4892c5c22b0f19fbdd4c4cd,0
0008c81dcf60758bb8d40994450e97d7,1
0008c967152b084cffcdd8960ebad16a,0
0008c9cebc0c6ebc7681d563165adfd3,0
0008ce22400c93bcb73b4b26ce009fe5,0
0008cec801e0f05fa55a8dabfc5ca41c,0
0008d01b08a00161bce9b7f6dd570dde,0
0008d09c77bed90b8ebc5d54a2d38f62,1
0008d29cd978518e92e7e5a275d39ea5,0
0008d2ac0e8e718e760cda310026e418,1
0008d46321ee0143ffe8ebc0819d7ea8,0
0008d60acd5d68fdaa42d71d394f9d12,1
0008da332b6131506807d7b87e9e44be,1
0008db0097000dbf2fc42c5cc332ef83,0
0008dc9937dbc300355597d913566dfb,0
0008e0edffbfb86c04dfe6f4f23cf0f7,1
0008e60416eeb357b5c6805e21a18fb8,0
0008e6468f48af3bafd535d467c70721,1
0008eac9424136b8bf0e2e87f6f355af,1
0008ed037cd84ebc7678a3e2c8e881b8,1
0008ef7cb904b628d81fab94ebdbc627,1
0008f051b7afc1e6850a593c9e936b09,1
0008f347d8a276a8614cf53373faeaae,1
0008f724baa94d7eb1b073cb8d97a2e3,1
0008fa5a0d20fe9c27f442fecc24226d,0
0008fb850db8c428c13823e065d251c7,1
0008fc11b6a9da0eb2ea5ca154289d9a,1
0008fc26bd269dc98db9cbef139b4050,1
0008ff1aa1bc8ab60709ba84fc247df1,0
0009007e62805b91ec09a8b54270e2c2,1
000903ff4f8f9ed947ef8dbdbb502d5d,1
000904400b3045e3f8f3eb9722fdd747,1
000905c02478adce423e040e1ee68ed7,0
00090661a86c9ac6ae3e9ce80f6ca75f,0
00090adfcf81c9dbc74b761e671cd42d,0
00090c58bf5140be363198e739ad4031,0
000910c213710c69d6380b164d1583aa,1
000917178a9052ef6ff92eb67a05869d,0
0009194fc83f4fc9ce71ba983c452534,0
000919f34358919ee0f5f6758d89c10b,0
00091ba8622249df1857d6b142e58dc4,1
00091c9b1dddcc17c4269f6aca580f9f,0
00091cd622d183f573cde15d92f86c56,1
00091e67e6d72de4b2916637e7cd7319,1
000921a281ef7445444bc5dde1984d65,1
000927e13ff374b0e99f9376b2e82b1e,0
000928136e6811d7b4effecf95192f0a,0
0009288f6543bf2a34fca180ea9104a9,0
00092c3dd1e879d5b55275078e3ba3e2,0
00093085049799f0aa712ba67e4f22a2,0
0009317c3beb3ddf35de96302da3bb11,1
000932280a3872410dafc332546d0caf,1
000932ee032910ad7ad289cdbeadadf9,1
000935087f35e7f319ab12789e7e807f,1
000939a05fb5d6ed98fe3179ccc1b935,0
00093a9a89746d01106e01b5e6d2c7f3,1
00093eb46c5930667a40a44aeae69960,0
00093fd6eb4d7a12c099d802288fb2b1,0
000940791fe2ea2089d74718241c4b0e,1
000942ea36f2b13626edb975cc933f75,1
0009449791ce1e1e572baf47c3eb4745,0
0009466aadccc2e00c816afe9a7737b6,0
000946d802c2b2a5e69305e40ba6abe4,0
00094707b5bcab7a78ce86018cd11cbb,1
0009479cdad9265c7b09f334134ccb22,1
000947ea4848f19f6a1cd1c99948d1e1,1
00094892016ec72678718d171e8a56ec,0
000949c7f5161f67e2bb291aba1264a4,0
00095068edb0ff6536f70a558a4f49aa,1
0009531618cebfeda14a96fc1be3436b,1
00095343a1e99cc5b991a1578efad13f,0
0009544babd1fcb8ff30557c660960dc,0
000957884e73787b59f767b0a5c2839b,1
0009584c9645f74418f0b94e6217deb3,1
0009597b6f344273aa1d0fe3a58e4a28,0
0009612be5cadc8b84d2138f93d4ac6f,1
0009633786f662dc1319c83fd98943b3,0
00096563b4ab0abb80fc74354161af51,1
00096813f17ad102f75ff28703753cbe,0
0009687787f65fd85d3afe1212284047,0
00096cdf4b7a5b353a3640bebdd051bb,0
00096f6640a4962adf51275b76f38655,1
0009700e7cd51432b2e175c03444ed3c,1
0009718e801c1b7da48e089e1c0add09,0
000972f07e3a4b0b07dbfbbd88e25136,1
000973124eb72e132af7261b402f1c88,0
0009734ac129a27c1ac13f2aa8d9f7ba,0
000979bd10eeb486f4ec97e75885c1de,0
00097a0589f1e13ef7059e5bcc7ab353,1
00097aa565e73a355d17141ea30fda27,0
00097d10920569cf5878b0adb6a94e33,0
0009803bd09f8c3cf8c7de26877f73e9,0
0009816dabe91c320db89e44b321d353,1
0009840b383774006cdc2455457a30c8,1
0009851d5b5b418646cb565b96061dc1,0
0009899c333b03c2310bd87938eb803a,0
000989b8a62fd791a0fe67b98f044005,0
00098c57e0d9568e326818fde41f24e1,0
00098e45b04535033a9b2611fcb5f2bc,0
00098f9e3bc24337b4605a9b041e3636,0
000990bef10a18903d420599bc319551,1
0009927cb3082da489a9b3212c3c6725,1
00099595a1f36762af77e5c98add01dd,1
00099615606051a8777df6155e7edc7d,1
0009965fa434935f6e13cd733450e509,0
0009980d7ea0afb6bb15c188b051f38b,0
00099c7336e50e5569d037f52d26ff9f,1
00099f725ddb0434b17b6956ca6ae6dd,1
0009a2d80b327445cf4b3af16e28cee4,1
0009a625e104a03379b7bb4fd887437d,1
0009a6ae160a98cde922787ec2170a54,0
0009a7382809738b6222ab331172d378,1
0009a7e8f5840743347bee76917da78a,0
0009a8d589c2a7b1add9811b6ad28c6d,1
0009a925e3a9ba0fe61700b373204c25,1
0009ac195fff6a5ffb7e5957da9ed739,0
0009ad8e20893d795a7e8fcb6319734c,0
0009ae43a875df337d516c908884e248,0
0009ae805eb5cf53370d23c5195c8697,1
0009b10633cf611bb4852534df51a3da,1
0009b4f3a23f35d9e783c73098b9525a,1
0009bc31d524d02fe8244241fc3d1610,0
0009be4ad6f7e740002e1a1efa825f0a,1
0009be7b67e38ba3668a005613fe2f58,1
0009c2b351aee38b20642da33fea807b,1
0009c3321bcab6bb7ecb6dccbd7d3390,1
0009ca946917f3ef717456f529add4e6,1
0009cad2b538b0ea95f282ad2461b902,1
0009cc64bf6d6cfaf3c0e30a85ddf0cc,0
0009cd7a391541a49ba78e02b26db71f,1
0009ce6ab7d58aa05462636868137f7c,0
0009ceb4a24cc5bb842eced2edea2274,0
0009d00cf45089944a0c502f22ff728d,1
0009d3237f74fa61fad143289cbd03c9,0
0009d40e01293bd109cd6cb329d3b0d0,1
0009d4bc96b0fc9f4e36a3b82f5bc613,1
0009d5c2940ba240563115027ed3ea83,1
0009d6d61d96b715aa4e978e55cc594a,1
0009d83419dd259b5d839ff330bb146d,1
0009dbb8887458972574db77066e9703,0
0009e480b5d4765cb3da035d53cf2fd0,1
0009e51d6a0d8a430ca00814e5946eb9,1
0009e57296fbd5560575dc1fa715ddee,0
0009e847eb7f27a6f5dce87c21e88c2a,0
0009e9767c14241bc8f524ad7be019ed,0
0009eb0e284c81cb5be7b5ed1f126f17,0
0009eb185b6f3ee40ef5ea89944940d6,0
0009ec856354159f2f04df7f7921e6c9,0
0009ed1a5455cf386997739b442b3fee,0
0009f18046b2a2ecbc5af4e408a2fa62,0
0009f3bd91032890bb104d1288cd0acb,0
0009f9a3acef3cf7c4c776d982dc91f0,0
0009f9e486ce4d062880a4fd6083fa90,0
0009fa87556c428c65e3dfd61b632aea,0
0009fcc0cf5fb937b5221ff74751ebbf,0
0009ff30ce3986043167fd6ec45bf48f,0
000a02bbbb9cec3bc4667f4a4a1c7930,0
000a02c6864a7f613093398360b6b657,0
000a041f09ced15010345f7cef5281b1,1
000a048f119c398631dfb9686c78c396,0
000a04cd0a2f8822e571ab81571eabaf,0
000a084cbb3ef2e4922918b465510407,1
000a0e50a041d42374f84cec006c0583,0
000a0eb891cc11407a24a3f04edf266d,0
000a1062a7fe7edeb87e90dbd00c939a,0
000a108744cbb50bf06542ce189f2170,1
000a1336ac84f480ff76223473a730e5,1
000a15e7d0d6b8991f2f4588f2513e26,0
000a17956bd492f8c2e1378e043665b6,1
000a18116dba7151e368b50ed131c80f,1
000a18727a064bfb92f0cc18b097d4e4,1
000a19604165a9142f2188afadc6fa1a,1
000a19c8c9b5a389f8d0d319e0f6f978,0
000a1e6aac289d3ed96ce920ae03a937,1
000a1ff6bd71820863eb973508ff6c4e,0
000a2143588bd7b999d8b591dc0638f8,1
000a217fe35c4305be397e047d29b533,1
000a218d3a63e48b1c9ad8fbd19c2063,1
000a224418c5622b27d8b07a80dcbf04,1
000a2299458faf936e5bc04905c1e243,0
000a22c813ebb7531a93589a73e7c3aa,1
000a23f22113b4aa8ac0b24fc65f8cdf,1
000a24c58f699d74d9dcdb5db35008b8,1
000a27cb67bdec0651748d33a7e1b6e4,0
000a2c2be82fd5dbf734cfa5465c5690,1
000a325f636445b2a01ab922d516a5d3,0
000a32f8c027e978e858d9474e15d941,0
000a3310cae44fc5bc07110ca65e3fcb,0
000a3380ed82b7738ee2bc2a6306ed68,0
000a40a3494c77540318138f43c0ccc4,1
000a411efb43bfef8b2978171ce57c13,1
000a43fdca6b52ce98d8944e94a1ba46,1
000a497e9a18adeb5465fa507a9cb65d,1
000a4bd394863c6eb7ddcef79f60ff1d,1
000a4fde1436ef498ce2d3bc6b2fac24,0
000a51678886fc7f6939618759fd85cc,0
000a5add4dab787d7f9b33f4fa21a908,1
000a5b149b94f61fa8f4e036c6ca0fd4,0
000a606c12c407cbc4f8b0a45cb5cc7e,1
000a636fca9767b8af51b6d7ca15f955,0
000a66e3940cea92d26bc05c4069bc6c,0
000a68d7c88f8c4a0633e2163a901244,0
000a699c739760a5622b163e9b7b636d,1
000a69af7904cbf0fad4107caa57014b,0
000a69ddafa6e0e476822333e3b31fcc,1
000a6c530e4e39284bf420ceb809720e,0
000a71d496c150535ab595bb3239ba1e,1
000a7389447c2cb5cf5d87c64b67b5d8,1
000a74d5b751eac0f858cd9f9f9798cd,0
000a761d55d21b0eaf3f0a509e94b300,0
000a78a284fcc1f9470bfcfc4a610e63,1
000a7b6ff34a12ff89b8f24fc245a03d,0
000a7c427ebba7daba7c417f6cb9562e,1
000a8042078e70ec6c826623f9133fd8,1
000a853ed409c990a82c399b7b02f20e,0
000a85806c559bd156462f2f39eb9b09,0
000a867b7da860921fb271f45cfe77e3,1
000a87549a1d26f3629faeb4b35a881d,0
000a8854a3d79ff2ec234617c1cc9d67,1
000a891dbcd5775a5c90442c0b30ecd8,0
000a893feac23c41756df6768f5fc11e,1
000a898bc67c95da97a0a5024d94e009,0
000a8ee146eac823a80e77cc7641a088,1
000a8f8c5352dc26a595334a0f3f52f5,1
000a902856c53cf57fc98d2a1edd4521,0
000a91ae998dbc65aefcdf2d88397721,0
000a9220d3ab1740220a91b8ac75b2ef,0
000a94b674113071778638855924d03f,1
000a980a4585b1a03370da2d529afa1d,1
000a983f46b91c9394b5d339b82f8336,0
000a98a526655d68d02c5a22a5f208fb,1
000a998fd4656a20cedf233d86c3b0de,0
000a9cc28cb2ed53e8792be1b83ce5d1,0
000a9f4d7e5f886b564b76fe114b505d,1
000aa11aa06cb1b873a45359dab24019,0
000aa24b43ee7463aa9bed5ae951e0f7,1
000aa4d8f87d7d2d7fdffd58f10ddd31,0
000aa7861f7d6632601943a51495477d,1
000aacbe04dfb53b9be2fba737b435c0,1
000aadf9b7db7faa2552701d36b97730,0
000aae8885060e952cb751363aac7ab2,1
000aafc836f51e19cfa2acdd3d974040,1
000ab40a9d901c4ebebd2c21e738c3f8,1
000ab57fc95d9d979e57aad8e5e7562e,0
000ab7af02abe53e32688119b08acfce,1
000ab8d83c18f288e8e743b7b07e1497,1
000abadc11ecc81673cb6c3d4aba08a4,1
000abfc64d0c618ad870d8b58b52ce72,1
000ac0b68fee538937ed8cce146569a6,1
000ac14a2442df9a62c57b249ea57fb1,1
000ac1898904da933e424a1d3d8dc5a7,1
000ac36abdd71f976beddefb17fc91d6,1
000ac6613c4183b44581a7aff2b3245b,0
000ac8a437c0ef76f1724964c3190406,0
000ac93e6d5f5d96ed179ab1bdeb2dd3,0
000acc616c80e79e01f290b38fec8e2a,0
000acd85ecd0304a43ea5f5ea23a9874,0
000ace6bdf36115adcbe131dbfe203c5,0
000ad034bebacf52a63ad2083b118183,0
000ad535596058b1ca4beec8e9e3296a,1
000ad892f5802469abdeb7e496815443,0
000ad8c2208368fb6fcd470521219ca2,1
000add4eaca37ed1505697a8f905e16a,1
000add8ec8ff49216add06af35eff350,0
000addf60240b1971327201553ccff05,1
000ae0d737f8c29124d0272b8d8a165d,1
000ae1d5c512f75a0f990144e4ccfc8f,0
000ae2ccb6ce7825afe91ee6ae7371d4,0
000ae6ab479db5815ab35802310d8ce5,0
000ae6b42bffb19c91a987021a84eb5f,0
000ae6fd53815fd35427e2df423670aa,0
000ae9532d741a66303c60a01f1ac1b5,1
000aea1eb8a032e0c8472f6af017e1fa,0
000aeac9899bc679297d96d0dbf3eb27,0
000aece967a6fc0b4edf37ee93612429,0
000aedbaabf9a401e98a96f1483081ef,0
000af05b3c77e321d7c8e41e62058228,1
000af527c36757fe8ad85141bbc64b2e,0
000af554a17a643ade0b26fd256be8b8,1
000af7a81c157f8b6c02d5b1f8607cfb,0
000af7fa22bac929e4402d53172ecc05,1
000afef568acd8a15b23e3d0c4e4e725,0
000b0134db0ecebd9d09fc025fa687c4,1
000b031a07656958d2ca142d81f4465f,1
000b04738b95a58abeb79dc889aa4f54,0
000b04e09b455f1efebafde69423fdc8,1
000b05b8da40a6dd3b3bb8a48aa5c5b5,1
000b08631cf6cde045332e5799a126d6,1
000b0dc27685eb8cdadabe5bb3ba3a7c,0
000b0fcae0ce0e9b1a9d3c456b6e8687,1
000b0fd7e621f98202fef4b0d85410a3,1
000b0fe02021bebd86c9117b3693d623,1
000b109d5018d124bc763723d6838ac3,1
000b114373eae1303095874dde750d1c,0
000b12de3b5f16cdf3290e348dbf16f8,0
000b135e2d3d4340b1d5a405a33b2d63,0
000b14e798d3221ef535f37a65686198,1
000b15dd3c6a92f7447474a165eae1ca,1
000b16dfcef72760ba9dc783c59b1699,1
000b17a2132e5f48ebf8976aa13965e9,0
000b184be1d0f5f876b2c700143f6958,0
000b186afc705cfe43ebef93a89c977c,0
000b18e0b0cb15e92f71f02a0c9e2d7f,0
000b1a795fe889777ef7049837b9ebda,1
000b1aadf75c3420cfff494721b316aa,1
000b1b0390defeb73eb8b0b3b88b9288,1
000b1d01ab90abe326bf26f8808b7a18,0
000b1e799452e06555b8977e886cd0b4,0
000b1f0fa0c36e64b3d17d93a475e369,1
000b1f8762f9cc31a24defd503759f90,1
000b1fd93d6015e1510c1e64e37d2ba4,1
000b21e0e9e044029963624fe5daf2ab,0
000b2228056264d6a8be794f9ced7ad7,1
000b22fe7e6686c3909fa142fc945f48,1
000b292218c95dfc02edfd938120037c,0
000b2fdc5dce7b78527a1d3e209833fb,1
000b33d75334c01eda9b0977458d7b21,0
000b34615896460f970c352d3bd265f0,1
000b3507af32e5133a7932108ebbac88,1
000b398e3197b96a5ef634c71823c548,1
000b3b42135ebcc9ce1383582d89096d,1
000b412d3154ccf3fd85d830c7183e4e,1
000b416bfa215eb015a293d8be1188cb,0
000b42fc393332c3f4a32c8463d4fba8,1
000b455515f589d766db597e7ef881cf,1
000b466926fe92eaec7170df2f4ed4b0,1
000b473b735895aa7c1b4ed187e5facb,0
000b49bcaa4aa74368e13e41e28f0a6f,1
000b4c779fc3d72ae7ae1bdc75149a3e,0
000b4cdc826d4cb3dd33bf094ca5e86b,1
000b4d6ceb069af6c06d07998727ff7e,0
000b4f62d93d9706c1906807f2657233,0
000b4f694464015c7d227bd67df080a4,0
000b5396f9b8c84322a72669f2daed4c,1
000b55e1ffb099dcda4670bdbd7ee74f,0
000b56813cfd9393a19b013349bd6743,0
000b5b2fdb37848bd3a594e14c6d70a8,1
000b5ca8fc48e403c65b1e9d727bef32,1
000b5daf594c8f6ca3fa065255ebbb14,1
000b6085396cd637a44abca474206596,0
000b643ff7ff106c04faf51aba1f85cf,1
000b64d8384dd95ffc0ef122ad501a66,0
000b65b99ef85f8d6e47daf64a6749c1,0
000b66dad890821cfd94fcb2ccb361dd,0
000b69207e2fc91427bd04848259c8ab,0
000b69f01d7212c5bd6a0ebaa778a924,1
000b6df51d79d2f88c495e62de805ac5,1
000b6e9b660472d993bb6956bb12a8b5,1
000b6f57e412030ab2bcf706b807e3fc,0
000b6f8c70766be3ae3ef33881443c00,1
000b70c54e4075f0c7fc7b75a0387e8a,1
000b72f8b4100273882f8587a0061094,0
000b74afd248ac7c1a5f70b412f496dd,1
000b79270bb39eecce7c283e6d11fd63,0
000b7a0018c2908978f0ec3589c630dc,1
000b7aee84e5f90cd5f2bc3cc1ab3922,0
000b7d9d06d7130a44bdda0df796b5a7,0
000b7da980ec8b666daab5315433e410,0
000b7df511274d7369506196e7c6ab2f,1
000b800645c75e26f633b7b3c90c272f,1
000b82ffd1aae0ada10c31a0c7187f44,1
000b87815ed348295f9b1442fe7b2c07,0
000b8ba8a2406b14db2bbec8e51b438e,0
000b8ece86e2057f37d6b0657b500d77,0
000b8f0108e64b6486f03b8c4cc36b75,1
000b8f024c05140f950c7534f88670ec,0
000b8f5fcea2d9489e349737cbd1cf84,1
000b8f60741cc66d7941644407f5b1d1,0
000b8fbaf7a04b2cdf2b290f800d2f24,1
000b8fc894a810197b8f6d554d79290c,1
000b900ba2fdb98235ebecf36b44282c,0
000b937b856e485ae9671b9de6184f5a,1
000b9661ed70904e7638421786ead58d,0
000b9771fda5880da73998798ae11918,0
000b979bd59d33b6c4213b94e018b450,0
000b994e02657a46f56097ba5e1ff090,1
000ba39a17abbf9d478b661ac665b3d1,0
000ba62a884d1a90fbf7177ac8184351,0
000bab1e112ee01b54891286f671c70f,1
000bac06d41430e69dab52bd41cb2d63,0
000badc44b02a409c88d254669dc98d2,0
000bae76bbb62edaa85303bb27dfc226,1
000baed8154d3dbfe33d8a8378d7bb40,1
000bb090bb1debb105cd40249493e553,1
000bb0dc100162284966fc4f8a310427,1
000bb269d94a8dd89ed7a9d3a369b645,1
000bb8345031a59aa1e1363fb0a2665d,0
000bb8d85e37ce09113ecafc4bc56772,1
000bb9ccf052edd72e07967ab8b63b9c,0
000bbb1b53467f4782938093daf29010,0
000bbda179918269fe1a935c58743b40,0
000bc069c549fe2a525904549a4da18f,1
000bc24451ba31b7a6487a8b2df2abd5,1
000bc3f0b987df4a14763c3796962618,1
000bc50366799cc4d49aed689ce1d0c9,1
000bc5f1b7b35544c55d1d5212c7cb3d,1
000bc60c4bf104f677a22a5bfbfefbea,0
000bc62fbf3df38d9d5f21baeb3d403a,1
000bc9abb39bb0cb9fca74fe12ade7d1,1
000bca2fa74b5f8e8de5e81f1397f8ef,0
000bcb2fc5db4117de6d38cf0d067790,1
000bcb9d8e33aa4be17ae2b94bc46c5a,1
000bcc6679721e3fa1e47ceab10df039,1
000bcd7518bd8102663c299b537135ab,1
000bcfc762309e86b7fc88c02782c5c5,1
000bd0cdd1aaf610dc735461c9e0d5a2,1
000bd12febea47aff1ec81d01829ff89,0
000bd279e2843b468dda8cb2c4501cf9,1
000bd455a8ea1a11b197a12fe68842f5,1
000bd4a14df838a8eeecb2c085f266ad,1
000bd70a2776c77685dbd78a03cf5936,1
000bdca1c5197b3aff66b4bde0f0f38b,0
000bdcaad27ef8d683a7d92bef305473,0
000bdd96930b7883ce98892d271ccb59,1
000bddfe24ae06d036545368967db0fb,1
000bde2bc439f3874f2c95f6abbedd4e,1
000be10979b76fc2f901507c04011047,0
000be209a61ebf4b07b270431f2a9148,0
000be20b488937e5ee156ff44c946a61,1
000be27f673836e429f485574a122350,0
000be2f580f56695cd1afc19fdfdd930,1
000be3ba5782c45f5258803fe3e23622,1
000be3fba078f600f737ed29cdc0bd52,1
000be41520891f9cb31f3ec7d7d3ace3,0
000be5b05d54b0ada751ee00a25d4293,0
000bed9afba2c0f6ea23b26db2c642f2,1
000bee2156ccd9d5cee0a4e277cec047,1
000bf09e165783709e4e68d26c4ae97c,1
000bf6edc6ad280908d813c7b61cbe43,1
000bf959c595642e08a5f669b6243282,1
000bf9ca9c1b7d48b92eca741ba728e4,0
000bfccfe1366036eeab1b90e3206b72,1
000c00a926c968ab31a8d4b00ebdb5d9,0
000c02b627970574ed9fcf4f09d6e1f1,1
000c02ecb931c36b72fea1c7d26c90de,1
000c0490aebb3e081655cb43c8ff67e7,1
000c0781c180d7886c5c4a958e49fe57,0
000c07a4da116a4b8d391c7b1307ec09,1
000c0a7ac785a6af96cf21706f9b5924,1
000c0d9d93a0baba43295cfae424570f,1
000c0e05464383a7ab840423d924c877,1
000c0f1e6032c9171c3907f53f0ec59a,0
000c0f6fe7d3c834547ce142ebf5f274,0
000c10e96b8fd13ba940a53d610759a3,1
000c11086e5341c2d2b03196989c0292,0
000c13ed476b2ebdf00ce5b7973f28ac,0
000c167e06d695aa9f078f201d7ecd26,1
000c16d9ccd92f9712bae7739528ee3d,0
000c19203d2c4b6651c137136ff4929b,0
000c19e3f42c2c84ec6da46071f0fddb,0
000c1a24727e47d588852d82b757b30f,0
000c1c2efccd8f4d8e7d13de08112530,1
000c1c6abd20b4004e83544c3633d7f5,1
000c1f6a2814f654ea68903eeda8e6d9,1
000c1fa7f40340806182b461e37c1477,0
000c217fe2cc72deb1bb1eff386480d5,1
000c22be219c512a9cc2beb1fa9f81da,1
000c236e2350c7584824d9d6d61c90e4,0
000c24a39e8bfcdc4012c2a83db09554,0
000c26d7d9d992f942110e8dcbdd8922,1
000c2deb8059d19e27521ff8954de86c,1
000c2ffcd4ffeb0ed04e91292224dc14,1
000c30794229a7c7c541c928414d509f,1
000c339bf489137b521e1c0f4b65d4aa,1
000c34de5f6050610deb51bac6b5da9a,1
000c3555f136bf1462e30c350deb3950,1
000c3695b744d76d728ef95f67721d39,0
000c381ff57b6f94ea2c6727cf162ad2,0
000c385c46a63b61abadc55fadbc2373,1
000c39592e81a7d9b5e3410c99503380,0
000c3b745b92b4d030b0b7c6a21f501c,0
000c3d21801e45ae42eb80da348d89bc,0
000c3e18df5bc57b335ab60ac9a6a533,1
000c3fc355355dcf6a2aebb25e27bb81,0
000c42edf4127b5ac5bab84db4100554,0
000c43d87a51d3c6c8f8bbb7bf7bddce,0
000c459766de6734e034f16df38ff358,0
000c4773379029d1fb096a34a43f8f2f,1
000c49362ac7012f5f73c1bea468e92f,1
000c4b94f3eaff44fdbd4547e0ac9cf8,0
000c4ea6459b9527e408d260cf88cee2,0
000c4ea8aedfe37cc20093d16dc27cbc,1
000c4edef103f6b626e302c6019f7d21,1
000c51351720d8a8ef62ce3397b0b47e,0
000c517a1abcaa4c9930f1bfa124a707,0
000c54543a01804532a5b7e0ed580a42,0
000c55fa67770f9d1e90de16acd1439b,1
000c5beef49a1168f11fecf86de73d63,1
000c5c84132bbf20ea54f770eeaca416,0
000c5f7da8445231210bd8b8f50235b6,1
000c6018e5f952ed7b5a54b911b5c3ce,1
000c612f9f35c76536d550f45203ae44,1
000c61c68523e1bfe522b3cc875f7d81,0
000c628c899bb40a94d91a3f312438e8,0
000c69c5c20e60b2744e3273a9ede37d,0
000c6af2518d8a38244031bbba333abc,0
000c6afaa1ce72e17002eb3f07ac68e5,1
000c6bb69abd482c94ceb3a9386dbd15,0
000c6bf74cc0953fcbc02bc050a25e25,1
000c6d03e58a2380813cb30fbcb0cf94,0
000c6d641a46a2f202956d92121db08a,1
000c6e620065cf0909de93a6709e4819,1
000c6fa99180d30b9961f3dc313ce6c1,1
000c74fe29407db389b4a1760a60ca8a,0
000c754dde2a93af8883bfbfaa75ada7,0
000c76cdb3fb1e5c49e29e47626704ef,0
000c78cd3f0bcb8a6dd05c54318db71d,0
000c7a7e48d19ae59cfad8db5e689329,1
000c7a81a96c60baa8d82fe8e47c0cec,0
000c7f3d8363fee618c0f9852654e5bd,0
000c80b69adf9616ec566b9a22101ef1,1
000c825f9b24020c3e0d150871d0559b,0
000c83e0dcdf38c255c2b52a8094d937,1
000c84b28a55b259f97c32b0f4959107,0
000c88be14cc15c755e25dd6ab356b58,0
000c88d1e588ae0261636de7669e5672,1
000c8c03be9147af6a75285317811763,1
000c8d00d8d7ee5f44a38b52ec368749,0
000c8d73e9cf5f35671960916ea786f1,1
000c8e87cb7d9b46dc748931f579461c,0
000c8fe03f76707ad19f3dacca80ce1c,1
000c913cdd5b52cea736967b06a4c7cf,1
000c9159d8e751e97183b3f1d357cecd,0
000c94355d4a5531f091c227f9b1c911,1
000c951933862c19ba51a9431667203c,1
000c9b5f6fcfad75bc5e76d8814d0238,0
000c9cff2dd40091793f10dddfb2a70e,1
000c9dda1cc6dc1f994698ab4804fa56,1
000ca016b44c2442f592893e638adf38,1
000ca01d7354791013003c4f62dfab1c,0
000ca05094ebf01bf1c932e539bdee37,1
000ca127d7197c601e98eec2b5685b1f,0
000ca471f83b591bd4c917a2b7223bdb,1
000ca569f6b8ec2e0f6f11653871c917,1
000cada55a8993fc734a6a0577d62de9,1
000caf48b9c5be8ea4b930b6c719027d,1
000cb2babc3f1d9f8c4e0cba9744947e,1
000cb9985967f9a16e6cb47dd875982e,0
000cbb6ce0868cd8ff62869ad0044a55,1
000cbd02ccd8ae585178fc8edbc2b7cc,1
000cbd394b483232283b80582e18c22d,0
000cbebc0238d47c9457558c4dbdf594,1
000cc00db6acde8c3580d5bd8a8f7696,0
000cc0fa244a4e7efd2f94121ab10f9e,1
000cc3307666b89dcfe4eaf102a6ceb3,1
000cc4839c547cafb102946b026241c0,1
000cc516344e93738dfc983d9b03c545,0
000cc545f19dc28f43f1e7f9f9d3c038,1
000cc77d7546330fa6e5168eb72a8fcc,1
000cc79e6f1b0698552420c18ac179ed,0
000cc82072951109d2c6b7ad9798c2cf,1
000ccb90de41e53c7c31f5fc0e4e2abe,1
000ccbe0b972ec798ae680231a336270,0
000ccef155663232dd27e0636fc23be7,1
000cd17f378799ed8312822f44c779af,1
000cd356a9a40121bce930e6a8ad93ce,1
000cd3fa21cca83b0bed4d7e99921c3e,0
000cd421f70f246dd2f1190c214583ef,0
000cd893c7197a9a87fa0b4da31ba2e7,1
000cd897193e91d06abf839ef2524b12,0
000cdb48f3670d24ccd8255fce971e2f,0
000cdcedc2a25376711b034690df8a6c,0
000cdeff2df70d15d2d8c221a8abf32c,1
000cdfea5124ec83e1746bb4076e42cd,1
000ce080b1bfd64c04fcd6e3868f320b,1
000ce31b130e8db494dde11275f36119,1
000ce9f720b4da1e9d405db503107fca,0
000cea64ee7a48926f9ab7b02911e311,0
000ceb81a3084c2f0cf415a2aa7141e9,1
000ceceefb38218e13b7d9cec397576e,0
000cf1fc941103cbec5415295465f799,1
000cf65387d2b29df0b96c00a21249c3,1
000cf7d65a3c9e424ba804349f628c64,1
000cfa95bc0635f69bf0ec66f4321517,1
000cfb64fe12347df03326f249afbf28,1
000cfd8cc072c80d567308cd0b15e454,1
000cfe18f7566e25273081bbb46461f8,0
000cff6c50dad00612330710a1142940,1
000d023e3f4d74b123502d1f004fc972,1
000d051e02235019975535019340984c,1
000d08f0340ac195c7b066bbf447ea0d,1
000d0956d5996afdc0efa54de17b372d,0
000d0a0b4e3d79dbec8988d5bf72ed37,1
000d0b1fe6175668e9301d17e5e5a602,0
000d0b525bfa1753d015740588a72005,1
000d0b6ac858ec89d6843ee3d23836ca,0
000d0d89b9190facae5a7e4afca8c0c5,0
000d0f8b92f9e5560c21f3d5da349b90,1
000d10d9a1f8381abd996c3a9d190831,1
000d11790359940622b8498c86ae30fb,0
000d13a2259961eb48b7a2d15585cf18,0
000d13fba69c5d79e3767730a64776d3,1
000d1495893a26e8d8ef80e869d9b169,0
000d1946d230c9f7486ae29bb71baccd,0
000d199b149c749529753c31ecbd1293,1
000d1a75ee79f166ae6e6e260bfffdb3,0
000d1b03f89f69585028abe6f8114a59,0
000d1ba33e168114ba2f60df4547757b,0
000d1c3076defb6a01e4857e568c2ff0,1
000d1c3ef80c7dd9c187d059b2162968,0
000d1cf146672da7b27c52e4e558d9b6,0
000d1e5e8418b0c9782c5505413608a9,1
000d22c5e154a23ad5c7f7d239fa0b8f,0
000d22cb5ede09b398c0f86862be154e,0
000d27121223839cb5f495f67b17de11,1
000d28d13b2df91916e5a17358944892,0
000d2c492a64d025a44fcd7610e8b5e3,0
000d2e0e0786986803b42a2a99dfa23a,1
000d2fa57fddbba9df4a10d7de89f799,1
000d31679016de0746132b47daedf2c6,1
000d3473c3fd7985abbe2aa2fe27f93c,0
000d355a1202c663880632bb45b6d2e0,0
000d38e3357b85336ff9629046e5fb28,1
000d39ea44cdeb7d6d6849c602fbd438,0
000d3a346f773deac5fccbd4b2361c27,1
000d3ad698c5180c06ec53aeebebb4f8,1
000d3bd91abc0f91a028697422e43f13,0
000d3c5cea09715d84eb11192892fef8,0
000d3d75154bf31ba119d2b260225af8,1
000d40a9577fa13cd8a8c7818d23d0c4,0
000d41590e51ebe035ab464c923e7add,1
000d41a7b3bafa5bc03f904dd6b068c9,1
000d42180c05ad5438f939e42bf5af57,0
000d429ebf204c6287f9dd97e19653d6,1
000d47478661a4f79715e6c895a207d1,1
000d47ac76e96f0e4e69311ae5855f09,0
000d4aefbad7ea24be98d264f43025c1,0
000d4cbaf0fa2c61e2e16f0c5e6ecded,0
000d4cd0dc38c022a715eceb9944a2a1,0
000d4d257de8afaaf5d80ed0d1a57f01,0
000d4d623693cfb70f13ba9e324978df,1
000d4fa5f920ed70f48e36afde9bf5da,0
000d5123ffb4fd9295bef2f4e1413e94,0
000d527448ac0f60b3cff5a567de8d4c,1
000d545db8338b129206995e7eeef761,1
000d56e57724b15993e22c36f41985b1,1
000d58a31cfd47703e013a19fae393f4,1
000d5a1bec8fe232a54c80425fdf56c4,1
000d5d78804f2ce9ca4edde34e0fd1de,0
000d5f939f597e3072bfc34258f92277,0
000d5ff99cd1f751e15aea7824ee2a4c,1
000d61e8ef5af9ec0b1be7757f8acb23,1
000d629947250606037d997650a75778,1
000d638bfbbf68a58a534997102e2f09,0
000d63a0d5cd7360649d59c1b60f547e,0
000d66f4bed5a5730939047ec223adcf,0
000d6ba1d403f32b11f2742f6bbc677e,0
000d6cbd8b894879325685cdb69a3d53,0
000d6d59ede3f218d11d38642cb0bbf6,1
000d6f68d94d2a8baf7358bff9adae9c,0
000d70cdf931791aa8b9b2c2827bb5eb,0
000d71577523b85ec49c029cd52d44cc,1
000d71c70c158600103dc518ff266ff1,1
000d720f3204950ac7d43a3787b1723b,0
000d7559f7795665486fb63f21c9f511,1
000d79ce39548820fb9f27130d580d5a,0
000d7e276febcc3f6d788fe2c579fe5b,1
000d7e2dd40f15840404e3cf58fd97d1,0
000d7ed099684c83adcad367075a09be,0
000d81b3bc6cb099af86f8273872fabf,1
000d81fa733430787a1b55c40ac219a6,0
000d834485b49239b600c7de10b869ad,0
000d8354e29a71030ac2ef85590f66e7,1
000d846669a6e7202f8a511cddc3d86d,1
000d85b22eee252548ef2e8148f28836,1
000d860e7c8d8819005aa53f1a5ae351,1
000d86d45c2d7643c65bd26fe758e45a,1
000d8776d6f4727e7c143cfe5e52f75b,1
000d87b279090ecd6f00d2d55e86d226,0
000d87b61979a34d2139b8878263375b,0
000d88eef1c3d8de8857e6caa9981524,0
000d8a56e397e85b5ffaf53f8ec9f3bb,0
000d8f12b0c5a78e530e098318f10cae,0
000d9001a6deaa50dc12e3b858b099e7,0
000d906110bf72680d637788bf8c7cf1,0
000d98533fdfc3ab3b9f0caa63ad761b,0
000d991a0e17e40d7532fe75c79d3fc9,1
000d9cb3324c3f0f1bf90ebda59f8314,0
000da07caba3ec08c6c1615101dd6a72,1
000da07f5dceea6c79c4655e8b0146e6,1
000da2b4a0285a950d5dee3d6178baf7,0
000da33bb096855dc4fe411689335a4e,1
000da4f7cf625fa1e6d59ba61f5e7734,0
000da782c051c9bb43d9d40e62327117,0
000da78e56f25e917d28570d953b0802,0
000da8f088be085b7c642f76a1f6e023,1
000da8fe9ab236347a5b84b8447aaa46,0
000da9679efe0b55bc021f28730fb14d,0
000daa413d41b839fa5cdf1df3cb7dc7,1
000dac6a6ee09f1bb9bb06b4dc7bb83d,1
000dacb17e7e982d14a76b8ba969e96a,0
000dacbc5e59edab5ea45c6660e03e64,0
000dad143d01836a53cb4ea8cb4597ac,0
000daf61fe3213b783a0658c151b7375,1
000dafe575f560a148c1d6b7c5130136,0
000db001b356de8a4ed79715cb81815e,1
000db0846d5b9eef6a69df2ed8a59b82,0
000db13958aa83d0a35ad98f22c8203e,1
000db298c229399b78806258d923d47c,0
000db413edf11a4144cebdc3923b3769,0
000db5243af1ca202e8ff39b3781e30d,1
000db6abccbbadb3d1544b44242e9c7f,0
000db9c657314e5ff72dc074f557f532,1
000db9ea20bac3e1beda7a3a6e2d7ea8,0
000dba8d10075a58b21c637fe16f2689,1
000dc0ffae77412a1d02919b12592a60,1
000dc35948a94b5e5686dc157898de18,1
000dc3f23a803899405e04df0e828752,0
000dc412ae1efe8ce7f5534b786a8412,0
000dc4891f002b8c349facc787bbda19,0
000dc549c730d8fe9e9322b829bea460,0
000dc64cebe91c4f6df1c23dd9d234ff,0
000dc8b0994d2146c97d7b1e845c23f9,1
000dc932086fae244e6e6bd549c2f5f4,1
000dc955abf268df269e6088216436a1,1
000dcffa14d93a9d9191e07012a185cc,0
000dd08efa7620c1a2a394d55264affb,1
000dd380a00f1e831d7ff7bc6f3fc6b2,1
000dd767ebf3ad5cffa7277cff81a8cd,1
000dd917b9e2536d79b0fba76e5f31ab,1
000dd9962750a2d2306fccf9d9faaa66,0
000dda5d31d89064c4c862202e96ecda,0
000ddd8400112d9e2809673e57a99e4b,1
000de146acd62e308650b5cfd86a1b82,0
000de3e1a7e4091fc80fac55042a5a35,1
000de4bb2eb32c8c6a095a3394374c65,0
000de78a5f71dae63188c3d8ef028c39,1
000de808426a61e2a47d17dcd54be112,0
000ded73284f3dc8068918b972baa007,1
000df0557359217d99c56f9ec144bd0c,0
000df0558380e618ab581ce9ec2519cd,0
000df2275c671b5bd49f34941690038a,0
000df9f0c30d656622544f3d310f5cb2,0
000dfae7acd89fb19808e0d6453d9074,0
000dfb43b62789115db1d7b56f0a49ef,1
000dfc21fa340a1e34eda36fb130111f,1
000dfeebc06a8dfcca013e3e9b8b2153,1
000e020c7927ebda50f282c569e01bed,0
000e030d48d1aa6f07699cf2259bf5ba,0
000e032b68e37da71c68c1762fa75195,1
000e0705a5383bd766fd2b7b11f35a85,1
000e0a3f9d49935c295e0f98a824e833,0
000e0e4405bb70d2748ccfc0b183f3d2,0
000e0e6b203a067ea56910201f31c752,0
000e126b8eb014b70b556f8ed32a4a5d,0
000e1420347e07ee914a8992944eb085,1
000e15930abd53846aa198122353e5f8,0
000e16f2594617d20279215a5f4d7689,0
000e1882ce240208872bdbbc1defa0b8,1
000e18cc4af3f89a86eda67c82605517,1
000e198180052c6d446121981e451951,1
000e1e49e557591f5c639991ba96ff69,0
000e1eb792384451f44b1da1242ee249,1
000e1f4bdeec902f252e82b91b54d922,0
000e20ccd6276ac207be20049405f745,1
000e20e8d403720240194573588ccd21,1
000e20f4dc9e193cb82beb4466d96efa,1
000e211c874bcf502be4e92483bbc8a2,0
000e225064a63058067e58838f5a085a,1
000e22d00dbe6cdbc8eae9077c2bf6b9,1
000e243dfb5c974764b904be78feba7e,0
000e260bf964ce032aa5f1c0b0004a1c,1
000e2653438bfa0bee766446d8cbe9fc,0
000e273260874b7ac5d8aae507704b16,0
000e275a7b777a160615e599f83c3bf2,0
000e27bf9e1bf2bca2056e019019218d,0
000e284cdc53adfb3cec9019437351e2,0
000e2b237ac88d90df4b2f4a747f8801,1
000e2d45c6100f5f5ede7596f7751a42,0
000e2db310b49aeb4714393eeb3cbc73,1
000e30b54a377f9c1d8ba81509c4067e,0
000e3256bbd4d9d4157877fd28398e39,0
000e35649ded78daf705a877286a1e52,1
000e35c56ce51286f2fe3b9763645823,1
000e36dee5cd593dce2286a2d59480c8,1
000e38df347d81921d45ec5aa3b8ecc7,1
000e3a9943f754d12493f65601f40b8e,0
000e3ae4d30aacbc6efcfb6175e5b69d,0
000e3b8b6d331221f356827458221aa3,0
000e3eb7267ba93a574446419cae7726,1
000e3f7a2856d5cdafac99a2ee99f148,0
000e414604e5c74410e0663b529ee7ab,1
000e431842dbebf9c5d0321a447785dd,0
000e464e2aec0768ae349a146c9f6a91,0
000e4672b87ed3e5a7670cd66bfc67b8,1
000e485971e9105d37549ae1d40e817c,1
000e4875fad6ae85cfbdac609556201a,1
000e4a6fa8b10951b9d29ef1608cdc51,0
000e4f61945411fb4d8af6dfb402e479,0
000e532b8dba80505cb9197afcab9f39,0
000e591770ba67540fba316aa42901e4,1
000e59e68b973d6ac3a6bdeeea7848ed,1
000e5a6666a49d080bb36d6da77b50b0,1
000e5b3732868a59b4d9c9c2ea6b1f86,0
000e5b92485b623fb84b021b845f89ae,0
000e5cfbb5aa6b2ac2b88757c8096ae9,0
000e5e1bd89057d2be5cb1ef488341f4,1
000e64d834d2145b5bbf69ffdef5d330,0
000e6696c310d966bf3ba729e21707de,1
000e67d844b01678bbd491429fa61c27,1
000e6800b590616b8947bbf2a0db6d07,1
000e6a0d89f09135d09e77794cd0dece,1
000e6bae1a9fc7b6ccdd61726b65ed06,0
000e6ce64d682081eeca911012d69269,0
000e6e3cd6ecda7bbb61aa3542757ef6,1
000e6f6f41ce91ccd973f99741e5cc7a,0
000e7014698f91a679c495b9d9f139ce,1
000e741e6e0db539611ee655143df8e4,1
000e74fdee501b46f3460041999b8622,0
000e7514b1032089f202338f8fc706c5,0
000e779e5f0b5a9fba4365846a47b7a4,1
000e77cf65728216ca7bab259b34c24b,0
000e7b3f614e278bf27b96af91ca4f66,1
000e7beea6d0d326405ecccc77367b53,0
000e7d37c476e5d24fe868a311ce9ae5,0
000e7e2d69565a78c4f44765240a7143,0
000e7f3a52f0518b4752bfa34a0523ae,0
000e7f52d6dd2130b0f947478b7bb68d,0
000e7f97a87caa9ef000208d0aa26925,0
000e8552ef93bb4d94868be8f3cbad98,0
000e858de4668eb4ead2454995579797,0
000e89899196fe44f9ca5e2f09cca23c,1
000e8bbad033dbef41623dc3cd4ac050,0
000e8c1673b51844d60300b2d49ac747,0
000e8d9a8fd09ae8ab40218a7026b7ee,1
000e912844956afbffc375fbca1d5108,1
000e926e258909afb5b3c743282dfc52,1
000e9451bbab3ca26aba365ef6e40067,1
000e9649a4533ae80d8f0d60f2c4a8f1,0
000e96ca3cd82b9fc2755a4e9f1dd396,0
000e98477a8d2fc0093df8dba355a14f,1
000e99182113e19eb5cb05056b1871e0,0
000e99b2ccde1bfd1c19615f4a36f73c,0
000e9c7b26569278528f9129de8766fb,0
000e9cccf41b42ccca57130cc3ff4d41,0
000e9dcd5b68553958a925e15ca73137,0
000e9f86310fedcfdd0e4ce4886ee129,0
000e9fae7af9f7099218a2944b9f2a7e,1
000ea0c3e1a1ff0f3df3f402592573b6,1
000ea3836f5e2ce804dd594844179995,0
000ea3a2277652ba72ed412c62f24ffb,1
000ea608608199a1b6374935b6c6cddf,1
000ea87dc75c3cc14dc61e9e79587e26,0
000eb1783d1442f4b1707f8c95fd1ad7,1
000eb3c65faf1f5d49a1b29f23a77ff2,1
000eb3fc9d1b512423d6363a9a24cbc8,0
000eb49a4d8152cf73941c4d191ad940,1
000eb52dbb036ac21c6761b6f480e826,0
000eb870e48fe12303fad96fbe51d4f3,0
000eb9298de64c5cf888e2cee2c1159c,0
000eb9c4610fd7b777e0d4f265ff03b6,0
000eb9f82f96068941b72b98c8f3bc9e,0
000eba522f41a46fa5ed6f36307f7ba7,1
000ebb0c2a610be5cb732a5b68efea56,0
000ebb3a021f72133bf12fcd55b50fab,0
000ec2ed6aa6c6b93f066630fe58cf33,0
000ec448b6865aca89abc9d0eed3e423,0
000ec5a7d1493e049e92d758e20fe819,1
000ec5c47fe2902c522fd896527ae6e3,0
000ec603a052fa6241e083088c0da9f0,0
000ec6256591bf885a43cc0e47932423,1
000ec6a00b7ade486be3d1d27b7c106c,0
000ec732fbc4bb7aea525c3639970cbd,0
000ecab4f3fbf18bbff97aebe79d32c5,1
000ecd4e16ed47cacc079bd1c782eac8,0
000ece6850ace75bc2727b76cc2a954a,1
000ed09b0c2b0e2d5f21972f82f0df14,1
000ed0f397ea294ac77c1c16822b11a5,0
000ed2942e015632a4634d68138dcb38,0
000ed2956c465d264393687030ba9d3f,1
000ed43a3b3d97d04644144c97a8fdd6,0
000ed4472e13db839d62bdf490259526,1
000ed6ba4ec7b27e9fcbe50503ea221d,1
000ed906bb03f01e32b71b2aa12638d7,0
000edab61778be3b893cad26fcddc16d,1
000edc1f2207d1bec672a72a27f1a7f9,0
000edc601b0d7e6a56e51811e3cd024e,1
000edd739207aa9518be4bfe91cd0859,1
000ee4bfde4b6db8e885c220dbd3d91f,1
000ee51f2cc78fc5e4840cf3a9e379f0,0
000ee5e6a2c18b269f4ca9e24b627a81,1
000ee6721098fccd69f816a1b6385fe8,1
000ee72dfb9da16ec92a6696f40ed28f,1
000ee76e4f822911be50b86faa0637d1,1
000ee9c2b579f444d5e93e7a57f8eed0,1
000eea194ee0de040d7e2c97590600ab,1
000eeb5a28ee0f7efd6bd0ada9ca8601,1
000eed67c2631f448ef3fd6d5c53514a,0
000eedb9211d3dc2b7d8c4eb642b9eb3,1
000eef90e4beb2878a08d7610653614b,1
000ef5d962d04242a0b46289a9409bc8,1
000ef8474438d7ed7215563cee1729b6,1
000ef84db5059b2fbe93eab102245dfa,1
000efa1100572562b8124b022bb4fba2,1
000efa2b6bb867e136376ec7258a1976,1
000efa7e13417796af40736271502de6,1
000efd6d4d1441afacf98acf9b1af40d,1
000efe062db65f5da1a3ecb543ff0a01,1
000f003f8b2719680b6a640dca2960af,0
000f0a7021dd360ca8ee1463266b5f91,1
000f0d0020404f3cc44f4262e8d99a77,1
